1981-01-02,136.340,1.196,0.427,0.746,-0.168,1.975,4.491,1.000,0.518,1,1.196,0.000,True Positive,1,1.196,0.000,True Positive,1.630,1.630,1.630,136.340,136.340,136.340,136.340
1981-01-05,137.970,0.109,1.196,1.628,2.177,1.613,7.571,1.000,0.632,1,0.109,0.000,True Positive,1,0.109,0.000,True Positive,0.150,0.150,0.150,137.970,137.970,137.970,136.340
1981-01-06,138.120,-2.201,0.109,1.306,2.062,2.084,8.448,-1.000,0.475,-1,2.201,0.000,True Negative,1,-2.201,0.000,False Positive,-3.040,-3.040,3.040,138.120,138.120,138.120,136.340
1981-01-07,135.080,-1.495,-2.201,-2.095,-0.501,-0.589,4.527,-1.000,0.296,-1,1.495,0.000,True Negative,-1,1.495,0.000,True Negative,-2.020,2.020,2.020,135.080,141.160,135.080,136.340
1981-01-08,133.060,0.316,-1.495,-3.663,-2.406,-2.570,2.789,1.000,0.483,-1,-0.316,0.000,False Negative,-1,-0.316,0.000,False Negative,0.420,-0.420,-0.420,137.100,143.180,137.100,136.340
1981-01-09,133.480,0.030,0.316,-1.184,-3.254,-1.148,2.205,1.000,0.583,1,0.030,0.704,True Positive,-1,-0.030,-0.189,False Negative,0.040,-0.040,0.040,136.680,142.760,136.680,136.340
1981-01-12,133.520,-0.172,0.030,0.346,-3.330,-1.337,0.474,-1.000,0.415,-1,0.172,0.716,True Negative,-1,0.172,-0.176,True Negative,-0.230,0.230,0.230,136.640,142.800,136.640,136.340
1981-01-13,133.290,0.135,-0.172,-0.142,-1.325,-1.819,0.218,1.000,0.455,-1,-0.135,0.249,False Negative,-1,-0.135,0.237,False Negative,0.180,-0.180,-0.180,136.870,143.030,136.870,136.340
1981-01-14,133.470,0.562,0.135,-0.037,0.308,-2.105,-0.172,1.000,0.530,1,0.562,0.063,True Positive,-1,-0.562,-0.174,False Negative,0.750,-0.750,0.750,136.690,142.850,136.690,136.340
1981-01-15,134.220,0.410,0.562,0.698,0.554,-2.718,-1.149,1.000,0.550,1,0.410,0.208,True Positive,1,0.410,-0.029,True Positive,0.550,0.550,0.550,135.940,143.600,135.940,136.340
1981-01-16,134.770,-0.297,0.410,0.974,0.936,-2.425,-0.392,-1.000,0.512,1,-0.297,0.142,False Positive,1,-0.297,-0.082,False Positive,-0.400,-0.400,-0.400,136.490,144.150,136.490,136.340
1981-01-19,134.370,-2.024,-0.297,0.112,0.810,-0.526,-1.111,-1.000,0.451,-1,2.024,0.513,True Negative,-1,2.024,0.288,True Negative,-2.720,2.720,2.720,136.090,143.750,136.090,136.340
1981-01-20,131.650,-0.220,-2.024,-2.315,-1.364,-1.060,-3.603,-1.000,0.304,-1,0.220,0.584,True Negative,-1,0.220,0.359,True Negative,-0.290,0.290,0.290,138.810,146.470,138.810,136.340
1981-01-21,131.360,-0.837,-0.220,-2.240,-2.131,-1.588,-2.718,-1.000,0.581,1,-0.837,0.304,False Positive,-1,0.837,0.639,True Negative,-1.100,1.100,-1.100,139.100,146.760,139.100,136.340
1981-01-22,130.260,-0.023,-0.837,-1.056,-3.346,-2.442,-3.746,-1.000,0.366,-1,0.023,0.227,True Negative,-1,0.023,0.561,True Negative,-0.030,0.030,0.030,140.200,145.660,140.200,136.340
1981-01-23,130.230,-0.299,-0.023,-0.860,-3.081,-2.296,-4.073,-1.000,0.490,-1,0.299,0.346,True Negative,-1,0.299,0.681,True Negative,-0.390,0.390,0.390,140.230,145.690,140.230,136.340
1981-01-26,129.840,0.986,-0.299,-0.322,-1.375,-2.720,-4.767,1.000,0.435,-1,-0.986,-0.256,False Negative,-1,-0.986,0.079,False Negative,1.280,-1.280,-1.280,140.620,146.080,140.620,136.340
1981-01-27,131.120,-0.595,0.986,0.683,-0.183,-2.310,-4.965,-1.000,0.597,1,-0.595,-0.419,False Positive,1,-0.595,-0.084,False Positive,-0.780,-0.780,-0.780,139.340,144.800,139.340,136.340
1981-01-28,130.340,-0.077,-0.595,0.385,0.061,-3.287,-5.633,-1.000,0.361,-1,0.077,-0.236,True Negative,-1,0.077,-0.236,True Negative,-0.100,0.100,0.100,138.560,144.020,138.560,136.340
1981-01-29,130.240,-0.530,-0.077,-0.671,0.008,-3.074,-3.583,-1.000,0.529,1,-0.530,-0.347,False Positive,-1,0.530,-0.135,True Negative,-0.690,0.690,-0.690,138.660,144.120,138.660,136.340
1981-01-30,129.550,-2.038,-0.530,-0.606,-0.223,-1.595,-2.638,-1.000,0.443,-1,2.038,0.001,True Negative,-1,2.038,0.213,True Negative,-2.640,2.640,2.640,139.350,143.430,139.350,136.340
1981-02-02,126.910,1.221,-2.038,-2.557,-3.211,-3.388,-4.922,1.000,0.287,-1,-1.221,-0.046,False Negative,-1,-1.221,0.166,False Negative,1.550,-1.550,-1.550,141.990,146.070,141.990,136.340
1981-02-03,128.460,0.101,1.221,-0.841,-1.442,-1.382,-3.790,1.000,0.716,1,0.101,0.093,True Positive,1,0.101,0.305,True Positive,0.130,0.130,0.130,140.440,144.520,140.440,136.340
1981-02-04,128.590,0.809,0.101,1.324,-1.267,-1.259,-3.526,1.000,0.384,-1,-0.809,-0.084,False Negative,-1,-0.809,0.128,False Negative,1.040,-1.040,-1.040,140.570,144.650,140.570,136.340
1981-02-05,129.630,0.748,0.809,0.911,0.062,-0.162,-2.877,1.000,0.558,1,0.748,0.171,True Positive,1,0.748,0.171,True Positive,0.970,0.970,0.970,139.530,143.610,139.530,136.340
1981-02-06,130.600,-1.018,0.748,1.563,2.908,-0.397,-2.697,-1.000,0.554,1,-1.018,-0.440,False Positive,1,-1.018,-0.440,False Positive,-1.330,-1.330,-1.330,140.500,144.580,140.500,136.340
1981-02-09,129.270,-0.023,-1.018,-0.278,0.631,-0.821,-4.081,-1.000,0.351,-1,0.023,-0.191,True Negative,-1,0.023,-0.191,True Negative,-0.030,0.030,0.030,139.170,143.250,139.170,136.340
1981-02-10,129.240,-0.774,-0.023,-1.041,0.505,-0.768,-3.818,-1.000,0.571,1,-0.774,-0.366,False Positive,-1,0.774,-0.056,True Negative,-1.000,1.000,-1.000,139.200,143.280,139.200,136.340
1981-02-11,128.240,-0.593,-0.774,-0.797,-1.072,-1.011,-2.590,-1.000,0.400,-1,0.593,-0.086,True Negative,-1,0.593,0.224,True Negative,-0.760,0.760,0.760,140.200,142.280,140.200,136.340
1981-02-12,127.480,-0.392,-0.593,-1.362,-2.389,0.449,-2.954,-1.000,0.444,-1,0.392,-0.157,True Negative,-1,0.392,0.153,True Negative,-0.500,0.500,0.500,140.960,143.040,140.960,136.340
1981-02-13,126.980,0.654,-0.392,-0.983,-1.771,-1.152,-2.518,1.000,0.465,-1,-0.654,-0.084,False Negative,-1,-0.654,0.226,False Negative,0.830,-0.830,-0.830,141.460,143.540,141.460,136.340
1981-02-17,127.810,0.524,0.654,0.259,-1.106,-0.607,-1.858,1.000,0.562,1,0.524,0.016,True Positive,1,0.524,0.326,True Positive,0.670,0.670,0.670,140.630,142.710,140.630,136.340
1981-02-18,128.480,-1.455,0.524,1.181,0.187,-0.887,-1.047,-1.000,0.498,-1,1.455,0.462,True Negative,1,-1.455,-0.120,False Positive,-1.870,-1.870,1.870,141.300,143.380,141.300,136.340
1981-02-19,126.610,-0.024,-1.455,-0.939,-0.682,-3.055,-3.440,-1.000,0.312,-1,0.024,0.348,True Negative,-1,0.024,-0.234,True Negative,-0.030,0.030,0.030,139.430,145.250,139.430,136.340
1981-02-20,126.580,0.608,-0.024,-1.479,-0.315,-2.081,-2.885,1.000,0.592,1,0.608,0.391,True Positive,-1,-0.608,-0.434,False Negative,0.770,-0.770,0.770,139.460,145.280,139.460,136.340
1981-02-23,127.350,0.031,0.608,0.584,-0.360,-1.462,-2.219,1.000,0.544,1,0.031,0.528,True Positive,1,0.031,-0.297,True Positive,0.040,0.040,0.040,138.690,146.050,138.690,136.340
1981-02-24,127.390,0.887,0.031,0.640,-0.848,-0.663,-1.667,1.000,0.434,-1,-0.887,0.246,False Negative,-1,-0.887,-0.579,False Negative,1.130,-1.130,-1.130,138.730,146.090,138.730,136.340
1981-02-25,128.520,1.229,0.887,0.919,1.509,0.816,1.269,1.000,0.607,1,1.229,0.201,True Positive,1,1.229,-0.042,True Positive,1.580,1.580,1.580,137.600,144.960,137.600,136.340
1981-02-26,130.100,0.899,1.229,2.127,2.781,2.457,1.277,1.000,0.597,1,0.899,0.376,True Positive,1,0.899,0.133,True Positive,1.170,1.170,1.170,139.180,146.540,139.180,136.340
1981-02-27,131.270,0.564,0.899,2.140,3.078,2.707,2.084,1.000,0.548,1,0.564,0.367,True Positive,1,0.564,0.367,True Positive,0.740,0.740,0.740,140.350,147.710,140.350,136.340
1981-03-02,132.010,-1.098,0.564,1.468,3.627,2.748,1.836,-1.000,0.552,1,-1.098,0.141,False Positive,1,-1.098,0.141,False Positive,-1.450,-1.450,-1.450,141.090,148.450,141.090,136.340
1981-03-03,130.560,0.230,-1.098,-0.541,1.587,3.120,-0.031,1.000,0.379,-1,-0.230,0.273,False Negative,-1,-0.230,0.273,False Negative,0.300,-0.300,-0.300,139.640,147.000,139.640,136.340
1981-03-04,130.860,-0.711,0.230,-0.871,0.584,3.381,1.230,-1.000,0.609,1,-0.711,-0.115,False Positive,1,-0.711,-0.115,False Positive,-0.930,-0.930,-0.930,139.340,146.700,139.340,136.340
1981-03-05,129.930,-0.062,-0.711,-0.483,-1.021,2.026,0.534,-1.000,0.393,-1,0.062,-0.283,True Negative,-1,0.062,-0.283,True Negative,-0.080,0.080,0.080,138.410,145.770,138.410,136.340
1981-03-06,129.850,0.978,-0.062,-0.772,-1.636,1.931,1.255,1.000,0.513,1,0.978,-0.200,True Positive,-1,-0.978,-0.591,False Negative,1.270,-1.270,1.270,138.490,145.850,138.490,136.340
1981-03-09,131.120,-0.503,0.978,0.916,0.429,2.023,2.855,-1.000,0.604,1,-0.503,-0.081,False Positive,1,-0.503,-0.472,False Positive,-0.660,-0.660,-0.660,137.220,147.120,137.220,136.340
1981-03-10,130.460,-0.391,-0.503,0.470,-0.306,0.277,2.741,-1.000,0.378,-1,0.391,0.043,True Negative,-1,0.391,-0.348,True Negative,-0.510,0.510,0.510,136.560,146.460,136.560,136.340
1981-03-11,129.950,2.493,-0.391,-0.892,0.015,-1.006,1.674,1.000,0.503,1,2.493,0.684,True Positive,-1,-2.493,-0.704,False Negative,3.240,-3.240,3.240,137.070,146.970,137.070,136.340
1981-03-12,133.190,-0.060,2.493,2.093,2.572,0.894,3.666,-1.000,0.782,1,-0.060,0.660,False Positive,1,-0.060,-0.729,False Positive,-0.080,-0.080,-0.080,133.830,150.210,133.830,136.340
1981-03-13,133.110,1.179,-0.060,2.432,1.518,1.953,5.134,1.000,0.347,-1,-1.179,0.228,False Negative,1,1.179,-0.297,True Positive,1.570,1.570,-1.570,133.750,150.130,133.750,136.340
1981-03-16,134.680,-0.564,1.179,1.119,3.235,2.919,6.399,-1.000,0.678,1,-0.564,0.216,False Positive,1,-0.564,-0.309,False Positive,-0.760,-0.760,-0.760,135.320,148.560,135.320,136.340
1981-03-17,133.920,0.224,-0.564,0.609,3.055,3.071,5.159,1.000,0.423,-1,-0.224,0.093,False Negative,1,0.224,-0.343,True Positive,0.300,0.300,-0.300,134.560,147.800,134.560,136.340
1981-03-18,134.220,-0.566,0.224,-0.342,0.773,3.365,5.361,-1.000,0.583,1,-0.566,-0.519,False Positive,1,-0.566,0.043,False Positive,-0.760,-0.760,-0.760,134.860,147.500,134.860,136.340
1981-03-19,133.460,0.465,-0.566,-0.343,0.263,1.785,3.844,1.000,0.439,-1,-0.465,-0.600,False Negative,-1,-0.465,-0.038,False Negative,0.620,-0.620,-0.620,134.100,146.740,134.100,136.340
1981-03-20,134.080,1.201,0.465,-0.104,-0.445,2.775,3.059,1.000,0.578,1,1.201,-0.124,True Positive,1,1.201,-0.034,True Positive,1.610,1.610,1.610,133.480,146.120,133.480,136.340
1981-03-23,135.690,-0.752,1.201,1.671,1.322,4.417,3.367,-1.000,0.601,1,-0.752,-0.161,False Positive,1,-0.752,-0.072,False Positive,-1.020,-1.020,-1.020,135.090,147.730,135.090,136.340
1981-03-24,134.670,1.812,-0.752,0.440,0.335,1.111,2.015,1.000,0.350,-1,-1.812,-0.479,False Negative,-1,-1.812,-0.479,False Negative,2.440,-2.440,-2.440,134.070,146.710,134.070,136.340
1981-03-25,137.110,-0.613,1.812,1.047,2.735,3.005,5.017,-1.000,0.759,1,-0.613,-0.488,False Positive,1,-0.613,-0.488,False Positive,-0.840,-0.840,-0.840,131.630,144.270,131.630,136.340
1981-03-26,136.270,-1.189,-0.613,1.188,1.633,1.181,4.134,-1.000,0.348,-1,1.189,-0.157,True Negative,1,-1.189,-0.633,False Positive,-1.620,-1.620,1.620,130.790,143.430,130.790,136.340
1981-03-27,134.650,-0.275,-1.189,-1.794,-0.766,0.545,3.633,-1.000,0.424,-1,0.275,-0.343,True Negative,-1,0.275,-0.818,True Negative,-0.370,0.370,0.370,129.170,145.050,129.170,136.340
1981-03-30,134.280,1.281,-0.275,-1.460,-0.290,0.045,3.412,1.000,0.562,1,1.281,0.064,True Positive,-1,-1.281,-0.924,False Negative,1.720,-1.720,1.720,129.540,145.420,129.540,136.340
1981-03-31,136.000,0.419,1.281,1.003,-0.810,1.903,3.722,1.000,0.627,1,0.419,0.510,True Positive,1,0.419,-0.478,True Positive,0.570,0.570,0.570,127.820,147.140,127.820,136.340
1981-04-01,136.570,-0.183,0.419,1.705,0.220,1.857,4.683,-1.000,0.453,-1,0.183,0.669,True Negative,1,-0.183,-0.392,False Positive,-0.250,-0.250,0.250,128.390,147.710,128.390,136.340
1981-04-02,136.320,-0.609,-0.183,0.235,1.240,0.464,4.902,-1.000,0.483,-1,0.609,0.553,True Negative,1,-0.609,-0.276,False Positive,-0.830,-0.830,0.830,128.140,147.960,128.140,136.340
1981-04-03,135.490,-1.151,-0.609,-0.791,0.901,0.609,1.727,-1.000,0.473,-1,1.151,0.729,True Negative,-1,1.151,-0.101,True Negative,-1.560,1.560,1.560,127.310,148.790,127.310,136.340
1981-04-06,133.930,-0.015,-1.151,-1.753,-1.522,-2.319,0.616,-1.000,0.409,-1,0.015,0.475,True Negative,-1,0.015,0.159,True Negative,-0.020,0.020,0.020,128.870,150.350,128.870,136.340
1981-04-07,133.910,0.299,-0.015,-1.166,-1.948,-1.732,-0.572,1.000,0.545,1,0.299,0.451,True Positive,-1,-0.299,0.015,False Negative,0.400,-0.400,0.400,128.890,150.370,128.890,136.340
1981-04-08,134.310,0.268,0.299,0.284,-1.474,-0.253,0.291,1.000,0.498,-1,-0.268,0.361,False Negative,-1,-0.268,-0.002,False Negative,0.360,-0.360,-0.360,128.490,150.770,128.490,136.340
1981-04-09,134.670,-0.119,0.268,0.568,-0.605,0.290,0.335,-1.000,0.488,-1,0.119,0.263,True Negative,1,-0.119,0.096,False Positive,-0.160,-0.160,0.160,128.130,150.410,128.130,136.340
1981-04-10,134.510,-1.011,-0.119,0.149,0.433,-1.096,0.787,-1.000,0.476,-1,1.011,0.235,True Negative,-1,1.011,0.068,True Negative,-1.360,1.360,1.360,127.970,150.570,127.970,136.340
1981-04-13,133.150,-0.353,-1.011,-1.129,-0.568,-2.504,-0.694,-1.000,0.401,-1,0.353,0.303,True Negative,-1,0.353,0.136,True Negative,-0.470,0.470,0.470,129.330,151.930,129.330,136.340
1981-04-14,132.680,1.123,-0.353,-1.360,-1.214,-2.670,-2.218,1.000,0.513,1,1.123,0.468,True Positive,-1,-1.123,-0.029,False Negative,1.490,-1.490,1.490,129.800,152.400,129.800,136.340
1981-04-15,134.170,0.395,1.123,0.766,-0.371,-0.974,-0.371,1.000,0.620,1,0.395,0.600,True Positive,1,0.395,0.103,True Positive,0.530,0.530,0.530,128.310,153.890,128.310,136.340
1981-04-16,134.700,0.557,0.395,1.522,0.141,0.575,-1.758,1.000,0.446,-1,-0.557,0.465,False Negative,1,0.557,0.239,True Positive,0.750,0.750,-0.750,128.840,154.420,128.840,136.340
1981-04-20,135.450,-0.901,0.557,0.954,1.727,1.150,-0.602,-1.000,0.549,1,-0.901,0.083,False Positive,1,-0.901,-0.144,False Positive,-1.220,-1.220,-1.220,129.590,153.670,129.590,136.340
1981-04-21,134.230,-0.067,-0.901,-0.349,1.168,-0.060,-0.312,-1.000,0.393,-1,0.067,0.025,True Negative,-1,0.067,-0.201,True Negative,-0.090,0.090,0.090,128.370,152.450,128.370,136.340
1981-04-22,134.140,-0.149,-0.067,-0.967,-0.022,-0.394,-0.104,-1.000,0.557,1,-0.149,-0.229,False Positive,-1,0.149,0.053,True Negative,-0.200,0.200,-0.200,128.460,152.540,128.460,136.340
1981-04-23,133.940,0.896,-0.149,-0.216,-0.564,-0.424,-1.515,1.000,0.473,-1,-0.896,-0.487,False Negative,-1,-0.896,-0.205,False Negative,1.200,-1.200,-1.200,128.660,152.340,128.660,136.340
1981-04-24,135.140,0.252,0.896,0.745,-0.229,1.495,-1.047,1.000,0.582,1,0.252,-0.325,True Positive,1,0.252,-0.266,True Positive,0.340,0.340,0.340,127.460,151.140,127.460,136.340
1981-04-27,135.480,-0.849,0.252,1.150,0.931,2.110,-0.616,-1.000,0.466,-1,0.849,0.025,True Negative,1,-0.849,-0.255,False Positive,-1.150,-1.150,1.150,127.800,151.480,127.800,136.340
1981-04-28,134.330,-0.953,-0.849,-0.599,0.142,0.119,-0.856,-1.000,0.399,-1,0.953,0.202,True Negative,-1,0.953,-0.078,True Negative,-1.280,1.280,1.280,126.650,152.630,126.650,136.340
1981-04-29,133.050,-0.180,-0.953,-1.794,-0.664,-1.225,-0.657,-1.000,0.457,-1,0.180,0.268,True Negative,-1,0.180,-0.072,True Negative,-0.240,0.240,0.240,127.930,153.910,127.930,136.340
1981-04-30,132.810,-0.068,-0.180,-1.132,-1.724,-1.949,-0.821,-1.000,0.518,1,-0.068,0.433,False Positive,-1,0.068,0.121,True Negative,-0.090,0.090,-0.090,128.170,154.150,128.170,136.340
1981-05-01,132.720,-1.545,-0.068,-0.248,-2.037,-1.125,-1.184,-1.000,0.463,-1,1.545,0.692,True Negative,-1,1.545,0.379,True Negative,-2.050,2.050,2.050,128.260,154.060,128.260,136.340
1981-05-04,130.670,-0.268,-1.545,-1.611,-2.725,-2.587,-2.970,-1.000,0.309,-1,0.268,0.576,True Negative,-1,0.268,0.603,True Negative,-0.350,0.350,0.350,130.310,156.110,130.310,136.340
1981-05-05,130.320,0.353,-0.268,-1.808,-2.052,-2.703,-3.115,1.000,0.543,1,0.353,0.456,True Positive,-1,-0.353,0.342,False Negative,0.460,-0.460,0.460,130.660,156.460,130.660,136.340
1981-05-06,130.780,0.681,0.353,0.084,-1.528,-3.226,-1.780,1.000,0.520,1,0.681,0.556,True Positive,-1,-0.681,0.169,False Negative,0.890,-0.890,0.890,130.200,156.920,130.200,136.340
1981-05-07,131.670,-0.008,0.681,1.036,-0.791,-2.812,-0.761,-1.000,0.520,1,-0.008,0.568,False Positive,1,-0.008,0.154,False Positive,-0.010,-0.010,-0.010,129.310,157.810,129.310,136.340
1981-05-08,131.660,-1.481,-0.008,0.673,0.758,-1.988,-1.871,-1.000,0.456,-1,1.481,0.555,True Negative,-1,1.481,0.141,True Negative,-1.950,1.950,1.950,129.300,157.800,129.300,136.340
1981-05-11,129.710,0.779,-1.481,-1.489,-0.468,-2.510,-3.705,1.000,0.347,-1,-0.779,0.346,False Negative,-1,-0.779,-0.068,False Negative,1.010,-1.010,-1.010,131.250,159.750,131.250,136.340
1981-05-12,130.720,-0.130,0.779,-0.714,-0.046,-1.574,-3.492,-1.000,0.668,1,-0.130,0.249,False Positive,-1,0.130,0.029,True Negative,-0.170,0.170,-0.170,130.240,158.740,130.240,136.340
1981-05-13,130.550,0.559,-0.130,0.648,-0.851,-1.635,-2.742,1.000,0.405,-1,-0.559,0.001,False Negative,-1,-0.559,0.053,False Negative,0.730,-0.730,-0.730,130.410,158.570,130.410,136.340
1981-05-14,131.280,0.678,0.559,0.428,-0.289,0.467,-2.132,1.000,0.547,1,0.678,0.138,True Positive,1,0.678,0.190,True Positive,0.890,0.890,0.890,129.680,157.840,129.680,136.340
1981-05-15,132.170,0.280,0.678,1.241,1.897,1.420,-1.321,1.000,0.549,1,0.280,-0.102,True Positive,1,0.280,-0.050,True Positive,0.370,0.370,0.370,130.570,158.730,130.570,136.340
1981-05-18,132.540,-0.340,0.280,0.960,1.392,1.346,-1.924,-1.000,0.491,-1,0.340,0.122,True Negative,1,-0.340,0.038,False Positive,-0.450,-0.450,0.450,130.940,159.100,130.940,136.340
1981-05-19,132.090,-0.068,-0.340,-0.061,1.180,0.319,-2.502,-1.000,0.459,-1,0.068,0.161,True Negative,-1,0.068,0.025,True Negative,-0.090,0.090,0.090,130.490,159.550,130.490,136.340
1981-05-20,132.000,-0.189,-0.068,-0.407,0.548,0.258,-1.735,-1.000,0.521,1,-0.189,0.235,False Positive,-1,0.189,0.175,True Negative,-0.250,0.250,-0.250,130.580,159.640,130.580,136.340
1981-05-21,131.750,-0.319,-0.189,-0.257,-0.318,1.573,-0.977,-1.000,0.473,-1,0.319,0.164,True Negative,-1,0.319,0.103,True Negative,-0.420,0.420,0.420,130.830,159.390,130.830,136.340
1981-05-22,131.330,1.096,-0.319,-0.508,-0.913,0.467,-1.114,1.000,0.459,-1,-1.096,-0.112,False Negative,-1,-1.096,-0.172,False Negative,1.440,-1.440,-1.440,131.250,159.810,131.250,136.340
1981-05-26,132.770,0.753,1.096,0.774,0.515,1.700,0.038,1.000,0.629,1,0.753,-0.029,True Positive,1,0.753,0.047,True Positive,1.000,1.000,1.000,129.810,158.370,129.810,136.340
1981-05-27,133.770,-0.239,0.753,1.858,1.341,1.897,2.372,-1.000,0.513,1,-0.239,-0.090,False Positive,1,-0.239,-0.015,False Positive,-0.320,-0.320,-0.320,130.810,159.370,130.810,136.340
1981-05-28,133.450,-0.644,-0.239,0.512,1.290,0.968,2.402,-1.000,0.447,-1,0.644,0.076,True Negative,1,-0.644,-0.181,False Positive,-0.860,-0.860,0.860,130.490,159.050,130.490,136.340
1981-05-29,132.590,-0.136,-0.644,-0.882,0.959,0.038,1.384,-1.000,0.475,-1,0.136,0.040,True Negative,-1,0.136,-0.218,True Negative,-0.180,0.180,0.180,129.630,159.910,129.630,136.340
1981-06-01,132.410,-1.352,-0.136,-0.779,-0.271,0.242,0.562,-1.000,0.528,1,-1.352,-0.012,False Positive,-1,1.352,0.272,True Negative,-1.790,1.790,-1.790,129.810,160.090,129.810,136.340
1981-06-02,130.620,0.069,-1.352,-1.486,-2.355,-1.045,-0.790,1.000,0.339,-1,-0.069,-0.176,False Negative,-1,-0.069,0.107,False Negative,0.090,-0.090,-0.090,131.600,158.300,131.600,136.340
1981-06-03,130.710,0.191,0.069,-1.284,-2.053,-0.789,0.771,1.000,0.568,1,0.191,-0.090,True Positive,-1,-0.191,0.117,False Negative,0.250,-0.250,0.250,131.510,158.210,131.510,136.340
1981-06-04,130.960,0.962,0.191,0.260,-1.229,-0.282,0.184,1.000,0.486,-1,-0.962,-0.411,False Negative,-1,-0.962,0.053,False Negative,1.260,-1.260,-1.260,131.260,158.460,131.260,136.340
1981-06-05,132.220,0.015,0.962,1.155,-0.143,-0.414,1.279,1.000,0.573,1,0.015,-0.435,True Positive,1,0.015,0.029,True Positive,0.020,0.020,0.020,130.000,157.200,130.000,136.340
1981-06-08,132.240,-0.204,0.015,0.977,1.240,-1.144,0.731,-1.000,0.452,-1,0.204,-0.124,True Negative,1,-0.204,-0.282,False Positive,-0.270,-0.270,0.270,130.020,157.220,130.020,136.340
1981-06-09,131.970,0.265,-0.204,-0.189,0.964,-1.109,-0.151,1.000,0.495,-1,-0.265,-0.163,False Negative,-1,-0.265,-0.321,False Negative,0.350,-0.350,-0.350,129.750,157.490,129.750,136.340
1981-06-10,132.320,1.081,0.265,0.060,1.038,-0.204,-0.166,1.000,0.556,1,1.081,0.015,True Positive,1,1.081,-0.067,True Positive,1.430,1.430,1.430,129.400,157.140,129.400,136.340
1981-06-11,133.750,-0.194,1.081,1.349,1.157,1.012,1.257,-1.000,0.601,1,-0.194,0.168,False Positive,1,-0.194,0.087,False Positive,-0.260,-0.260,-0.260,130.830,158.570,130.830,136.340
1981-06-12,133.490,0.090,-0.194,0.884,0.945,2.197,1.129,1.000,0.415,-1,-0.090,0.147,False Negative,1,0.090,0.102,True Positive,0.120,0.120,-0.120,130.570,158.310,130.570,136.340
1981-06-15,133.610,-1.093,0.090,-0.105,1.243,2.219,1.412,-1.000,0.544,1,-1.093,-0.112,False Positive,1,-1.093,-0.076,False Positive,-1.460,-1.460,-1.460,130.690,158.190,130.690,136.340
1981-06-16,132.150,0.885,-1.093,-1.004,-0.128,0.909,0.624,1.000,0.386,-1,-0.885,-0.236,False Negative,-1,-0.885,-0.200,False Negative,1.170,-1.170,-1.170,129.230,156.730,129.230,136.340
1981-06-17,133.320,-1.260,0.885,-0.217,-0.321,0.832,0.414,-1.000,0.652,1,-1.260,-0.704,False Positive,1,-1.260,-0.668,False Positive,-1.680,-1.680,-1.680,128.060,155.560,128.060,136.340
1981-06-18,131.640,0.479,-1.260,-0.386,-1.386,-0.454,-1.592,1.000,0.294,-1,-0.479,-0.761,False Negative,-1,-0.479,-0.725,False Negative,0.630,-0.630,-0.630,126.380,153.880,126.380,136.340
1981-06-19,132.270,-0.242,0.479,-0.788,-1.003,0.227,-0.884,-1.000,0.613,1,-0.242,-0.792,False Positive,-1,0.242,-0.695,True Negative,-0.320,0.320,-0.320,125.750,153.250,125.750,136.340
1981-06-22,131.950,1.061,-0.242,0.235,-0.151,-0.280,-0.483,1.000,0.434,-1,-1.061,-0.785,False Negative,-1,-1.061,-0.689,False Negative,1.400,-1.400,-1.400,126.070,152.930,126.070,136.340
1981-06-23,133.350,-0.517,1.061,0.817,0.023,-0.299,0.710,-1.000,0.615,1,-0.517,-0.712,False Positive,1,-0.517,-0.615,False Positive,-0.690,-0.690,-0.690,124.670,151.530,124.670,136.340
1981-06-24,132.660,0.113,-0.517,0.538,0.775,-0.622,1.562,1.000,0.389,-1,-0.113,-0.482,False Negative,-1,-0.113,-0.386,False Negative,0.150,-0.150,-0.150,123.980,150.840,123.980,136.340
1981-06-25,132.810,-0.188,0.113,-0.405,0.408,-0.599,1.607,-1.000,0.558,1,-0.188,-0.424,False Positive,-1,0.188,-0.252,True Negative,-0.250,0.250,-0.250,123.830,150.690,123.830,136.340
1981-06-26,132.560,-0.505,-0.188,-0.075,0.462,0.310,1.222,-1.000,0.481,-1,0.505,-0.275,True Negative,-1,0.505,-0.200,True Negative,-0.670,0.670,0.670,124.080,150.440,124.080,136.340
1981-06-29,131.890,-0.516,-0.505,-0.693,-1.095,-1.073,-0.250,-1.000,0.443,-1,0.516,0.041,True Negative,-1,0.516,0.116,True Negative,-0.680,0.680,0.680,124.750,151.110,124.750,136.340
1981-06-30,131.210,-1.097,-0.516,-1.018,-1.093,-0.327,-0.779,-1.000,0.463,-1,1.097,0.363,True Negative,-1,1.097,0.439,True Negative,-1.440,1.440,1.440,125.430,151.790,125.430,136.340
1981-07-01,129.770,-0.871,-1.097,-1.607,-2.289,-1.890,-1.667,-1.000,0.387,-1,0.871,0.560,True Negative,-1,0.871,0.635,True Negative,-1.130,1.130,1.130,126.870,153.230,126.870,136.340
1981-07-02,128.640,-0.987,-0.871,-1.959,-2.957,-2.509,-2.781,-1.000,0.436,-1,0.987,0.795,True Negative,-1,0.987,0.795,True Negative,-1.270,1.270,1.270,128.000,154.360,128.000,136.340
1981-07-06,127.370,0.683,-0.987,-1.849,-3.427,-4.484,-4.770,1.000,0.397,-1,-0.683,0.558,False Negative,-1,-0.683,0.558,False Negative,0.870,-0.870,-0.870,129.270,155.630,129.270,136.340
1981-07-07,128.240,0.062,0.683,-0.311,-2.264,-3.332,-3.933,1.000,0.585,1,0.062,0.467,True Positive,-1,-0.062,0.442,False Negative,0.080,-0.080,0.080,128.400,154.760,128.400,136.340
1981-07-08,128.320,0.764,0.062,0.746,-1.117,-3.381,-3.959,1.000,0.424,-1,-0.764,0.095,False Negative,-1,-0.764,0.070,False Negative,0.980,-0.980,-0.980,128.320,154.840,128.320,136.340
1981-07-09,129.300,0.054,0.764,0.827,0.513,-2.459,-2.157,1.000,0.570,1,0.054,-0.069,True Positive,1,0.054,-0.094,True Positive,0.070,0.070,0.070,127.340,153.860,127.340,136.340
1981-07-10,129.370,0.209,0.054,0.818,1.570,-1.911,-2.963,1.000,0.469,-1,-0.209,-0.308,False Negative,1,0.209,-0.249,True Positive,0.270,0.270,-0.270,127.410,153.930,127.410,136.340
1981-07-13,129.640,0.008,0.209,0.263,1.092,-1.197,-1.519,1.000,0.530,1,0.008,-0.170,True Positive,1,0.008,-0.111,True Positive,0.010,0.010,0.010,127.680,153.660,127.680,136.340
1981-07-14,129.650,0.447,0.008,0.216,1.036,-0.092,-1.981,1.000,0.496,-1,-0.447,-0.272,False Negative,-1,-0.447,-0.188,False Negative,0.580,-0.580,-0.580,127.690,153.670,127.690,136.340
1981-07-15,130.230,0.084,0.447,0.455,0.719,1.236,-1.304,1.000,0.546,1,0.084,-0.102,True Positive,1,0.084,-0.018,True Positive,0.110,0.110,0.110,127.110,153.090,127.110,136.340
1981-07-16,130.340,0.322,0.084,0.532,0.750,2.332,-2.257,1.000,0.476,-1,-0.322,-0.177,False Negative,1,0.322,0.035,True Positive,0.420,0.420,-0.420,127.220,153.200,127.220,136.340
1981-07-17,130.760,-1.560,0.322,0.407,0.864,1.965,-1.432,-1.000,0.530,1,-1.560,-0.447,False Positive,1,-1.560,-0.319,False Positive,-2.040,-2.040,-2.040,127.640,152.780,127.640,136.340
1981-07-20,128.720,-0.295,-1.560,-1.243,-0.717,0.312,-3.080,-1.000,0.312,-1,0.295,-0.390,True Negative,-1,0.295,-0.261,True Negative,-0.380,0.380,0.380,125.600,150.740,125.600,136.340
1981-07-21,128.340,-0.943,-0.295,-1.851,-1.451,-0.742,-3.183,-1.000,0.550,1,-0.943,-0.489,False Positive,-1,0.943,0.017,True Negative,-1.210,1.210,-1.210,125.980,151.120,125.980,136.340
1981-07-22,127.130,0.212,-0.943,-1.235,-2.463,-1.731,-3.609,1.000,0.377,-1,-0.212,-0.548,False Negative,-1,-0.212,-0.042,False Negative,0.270,-0.270,-0.270,127.190,149.910,127.190,136.340
1981-07-23,127.400,0.832,0.212,-0.732,-2.570,-1.728,-2.904,1.000,0.533,1,0.832,-0.318,True Positive,-1,-0.832,-0.273,False Negative,1.060,-1.060,1.060,126.920,149.640,126.920,136.340
1981-07-24,128.460,1.121,0.832,1.046,-0.202,-0.918,-1.009,1.000,0.553,1,1.121,0.219,True Positive,1,1.121,0.263,True Positive,1.440,1.440,1.440,125.860,150.700,125.860,136.340
1981-07-27,129.900,-0.585,1.121,1.962,1.216,-0.253,0.979,-1.000,0.564,1,-0.585,0.043,False Positive,1,-0.585,0.087,False Positive,-0.760,-0.760,-0.760,127.300,152.140,127.300,136.340
1981-07-28,129.140,0.015,-0.585,0.529,1.581,-0.921,1.390,1.000,0.394,-1,-0.015,0.228,False Negative,-1,-0.015,-0.105,False Negative,0.020,-0.020,-0.020,126.540,151.380,126.540,136.340
1981-07-29,129.160,0.658,0.015,-0.570,1.381,-1.224,0.717,1.000,0.571,1,0.658,0.402,True Positive,-1,-0.658,-0.194,False Negative,0.850,-0.850,0.850,126.520,151.360,126.520,136.340
1981-07-30,130.010,0.700,0.658,0.674,1.207,1.002,1.317,1.000,0.582,1,0.700,0.376,True Positive,1,0.700,0.113,True Positive,0.910,0.910,0.910,125.670,152.210,125.670,136.340
1981-07-31,130.920,-0.336,0.700,1.363,0.785,2.010,1.253,-1.000,0.528,1,-0.336,0.084,False Positive,1,-0.336,-0.179,False Positive,-0.440,-0.440,-0.440,126.580,153.120,126.580,136.340
1981-08-03,130.480,0.536,-0.336,0.362,1.038,2.635,0.858,1.000,0.431,-1,-0.536,0.094,False Negative,1,0.536,0.045,True Positive,0.700,0.700,-0.700,126.140,152.680,126.140,136.340
1981-08-04,131.180,1.136,0.536,0.199,1.564,2.967,1.188,1.000,0.600,1,1.136,0.324,True Positive,1,1.136,0.276,True Positive,1.490,1.490,1.490,126.840,151.980,126.840,136.340
1981-08-05,132.670,-0.023,1.136,1.678,2.046,3.277,2.329,-1.000,0.602,1,-0.023,0.188,False Positive,1,-0.023,0.403,False Positive,-0.030,-0.030,-0.030,128.330,153.470,128.330,136.340
1981-08-06,132.640,-0.671,-0.023,1.113,1.314,2.109,1.851,-1.000,0.436,-1,0.671,0.182,True Negative,1,-0.671,0.128,False Positive,-0.890,-0.890,0.890,128.300,153.440,128.300,136.340
1981-08-07,131.750,0.600,-0.671,-0.693,0.973,2.021,1.082,1.000,0.453,-1,-0.600,0.130,False Negative,-1,-0.600,0.076,False Negative,0.790,-0.790,-0.790,127.410,154.330,127.410,136.340
1981-08-10,132.540,0.988,0.600,-0.075,1.037,2.617,1.361,1.000,0.621,1,0.988,0.434,True Positive,1,0.988,0.166,True Positive,1.310,1.310,1.310,126.620,153.540,126.620,136.340
1981-08-11,133.850,-0.336,0.988,1.594,0.889,2.954,3.985,-1.000,0.567,1,-0.336,0.140,False Positive,1,-0.336,-0.128,False Positive,-0.450,-0.450,-0.450,127.930,154.850,127.930,136.340
1981-08-12,133.400,0.082,-0.336,0.649,0.573,1.894,3.943,1.000,0.410,-1,-0.082,0.128,False Negative,1,0.082,-0.107,True Positive,0.110,0.110,-0.110,127.480,154.400,127.480,136.340
1981-08-13,133.510,-0.764,0.082,-0.254,1.336,2.322,5.018,-1.000,0.564,1,-0.764,-0.159,False Positive,1,-0.764,-0.126,False Positive,-1.020,-1.020,-1.020,127.590,154.290,127.590,136.340
1981-08-14,132.490,-0.959,-0.764,-0.682,-0.038,0.999,3.995,-1.000,0.427,-1,0.959,0.153,True Negative,-1,0.959,0.186,True Negative,-1.270,1.270,1.270,126.570,153.270,126.570,136.340
1981-08-17,131.220,-0.846,-0.959,-1.715,-1.965,-1.093,2.149,-1.000,0.432,-1,0.846,0.125,True Negative,-1,0.846,0.157,True Negative,-1.110,1.110,1.110,127.840,154.540,127.840,136.340
1981-08-18,130.110,0.292,-0.846,-1.796,-2.466,-1.907,0.162,1.000,0.444,-1,-0.292,0.133,False Negative,-1,-0.292,0.166,False Negative,0.380,-0.380,-0.380,128.950,155.650,128.950,136.340
1981-08-19,130.490,0.153,0.292,-0.556,-2.262,-0.956,1.045,1.000,0.548,1,0.153,0.180,True Positive,-1,-0.153,0.119,False Negative,0.200,-0.200,0.200,128.570,155.270,128.570,136.340
1981-08-20,130.690,-1.117,0.153,0.446,-1.359,-1.396,1.185,-1.000,0.467,-1,1.117,0.557,True Negative,-1,1.117,0.495,True Negative,-1.460,1.460,1.460,128.370,155.470,128.370,136.340
1981-08-21,129.230,-2.886,-1.117,-0.966,-1.517,-3.452,-0.600,-1.000,0.357,-1,2.886,0.942,True Negative,-1,2.886,0.881,True Negative,-3.730,3.730,3.730,129.830,156.930,129.830,136.340
1981-08-24,125.500,-0.295,-2.886,-3.971,-3.543,-5.922,-4.140,-1.000,0.257,-1,0.295,0.832,True Negative,-1,0.295,0.771,True Negative,-0.370,0.370,0.370,133.560,160.660,133.560,136.340
1981-08-25,125.130,-0.136,-0.295,-3.173,-4.108,-6.277,-4.100,-1.000,0.603,1,-0.136,0.863,False Positive,-1,0.136,0.856,True Negative,-0.170,0.170,-0.170,133.930,161.030,133.930,136.340
1981-08-26,124.960,-1.160,-0.136,-0.430,-4.384,-5.683,-4.742,-1.000,0.417,-1,1.160,1.064,True Negative,-1,1.160,1.119,True Negative,-1.450,1.450,1.450,134.100,160.860,134.100,136.340
1981-08-27,123.510,0.462,-1.160,-1.295,-4.426,-5.876,-6.904,1.000,0.311,-1,-0.462,0.749,False Negative,-1,-0.462,0.803,False Negative,0.570,-0.570,-0.570,135.550,162.310,135.550,136.340
1981-08-28,124.080,-1.040,0.462,-0.704,-1.131,-4.635,-6.454,-1.000,0.594,1,-1.040,-0.037,False Positive,-1,1.040,0.434,True Negative,-1.290,1.290,-1.290,134.980,161.740,134.980,136.340
1981-08-31,122.790,0.187,-1.040,-0.583,-1.870,-5.901,-6.801,1.000,0.325,-1,-0.187,-0.133,False Negative,-1,-0.187,0.337,False Negative,0.230,-0.230,-0.230,136.270,160.450,136.270,136.340
1981-09-01,123.020,0.382,0.187,-0.854,-1.552,-5.869,-7.183,1.000,0.551,1,0.382,-0.029,True Positive,-1,-0.382,0.234,False Negative,0.470,-0.470,0.470,136.040,160.220,136.040,136.340
1981-09-02,123.490,-1.822,0.382,0.570,-0.016,-4.442,-7.740,-1.000,0.503,1,-1.822,-0.626,False Positive,-1,1.822,0.366,True Negative,-2.250,2.250,-2.250,135.570,160.690,135.570,136.340
1981-09-03,121.240,-0.965,-1.822,-1.447,-2.289,-3.394,-9.115,-1.000,0.256,-1,0.965,-0.340,True Negative,-1,0.965,0.652,True Negative,-1.170,1.170,1.170,137.820,158.440,137.820,136.340
1981-09-04,120.070,-1.741,-0.965,-2.769,-2.215,-4.044,-10.067,-1.000,0.478,-1,1.741,0.216,True Negative,-1,1.741,0.792,True Negative,-2.090,2.090,2.090,138.990,159.610,138.990,136.340
1981-09-08,117.980,0.356,-1.741,-2.689,-4.097,-5.586,-10.952,1.000,0.313,-1,-0.356,0.182,False Negative,-1,-0.356,0.758,False Negative,0.420,-0.420,-0.420,141.080,161.700,141.080,136.340
1981-09-09,118.400,1.470,0.356,-1.391,-4.122,-4.137,-9.770,1.000,0.562,1,1.470,0.400,True Positive,-1,-1.470,0.540,False Negative,1.740,-1.740,1.740,140.660,161.280,140.660,136.340
1981-09-10,120.140,1.224,1.470,1.831,-0.907,-3.175,-7.663,1.000,0.574,1,1.224,1.009,True Positive,1,1.224,0.421,True Positive,1.470,1.470,1.470,138.920,163.020,138.920,136.340
1981-09-11,121.610,-0.781,1.224,2.711,1.283,-0.961,-6.805,-1.000,0.508,1,-0.781,0.660,False Positive,1,-0.781,0.072,False Positive,-0.950,-0.950,-0.950,140.390,164.490,140.390,136.340
1981-09-14,120.660,-0.738,-0.781,0.433,2.272,-1.918,-7.675,-1.000,0.361,-1,0.738,0.459,True Negative,-1,0.738,-0.129,True Negative,-0.890,0.890,0.890,139.440,163.540,139.440,136.340
1981-09-15,119.770,-0.751,-0.738,-1.513,1.157,-3.012,-7.320,-1.000,0.492,-1,0.751,0.680,True Negative,-1,0.751,0.092,True Negative,-0.900,0.900,0.900,140.330,164.430,140.330,136.340
1981-09-16,118.870,-1.447,-0.751,-1.484,-1.057,-1.955,-5.283,-1.000,0.449,-1,1.447,0.676,True Negative,-1,1.447,0.676,True Negative,-1.720,1.720,1.720,141.230,165.330,141.230,136.340
1981-09-17,117.150,-0.760,-1.447,-2.188,-3.667,-2.432,-6.377,-1.000,0.338,-1,0.760,0.583,True Negative,-1,0.760,0.583,True Negative,-0.890,0.890,0.890,142.950,167.050,142.950,136.340
1981-09-18,116.260,0.843,-0.760,-2.196,-3.647,-1.458,-6.962,1.000,0.447,-1,-0.843,0.571,False Negative,-1,-0.843,0.571,False Negative,0.980,-0.980,-0.980,143.840,167.940,143.840,136.340
1981-09-21,117.240,-0.478,0.843,0.077,-2.112,-0.980,-5.077,-1.000,0.580,1,-0.478,0.327,False Positive,-1,0.478,0.519,True Negative,-0.560,0.560,-0.560,142.860,166.960,142.860,136.340
1981-09-22,116.680,-0.883,-0.478,0.361,-1.842,-2.880,-5.964,-1.000,0.346,-1,0.883,0.354,True Negative,-1,0.883,0.545,True Negative,-1.030,1.030,1.030,143.420,166.400,143.420,136.340
1981-09-23,115.650,-0.553,-0.883,-1.356,-1.280,-4.901,-5.815,-1.000,0.416,-1,0.553,0.175,True Negative,-1,0.553,0.366,True Negative,-0.640,0.640,0.640,144.450,167.430,144.450,136.340
1981-09-24,115.010,-1.948,-0.553,-1.431,-1.075,-4.683,-6.511,-1.000,0.479,-1,1.948,0.413,True Negative,-1,1.948,0.604,True Negative,-2.240,2.240,2.240,145.090,168.070,145.090,136.340
1981-09-25,112.770,2.447,-1.948,-2.490,-3.813,-5.845,-8.681,1.000,0.281,-1,-2.447,0.092,False Negative,-1,-2.447,0.283,False Negative,2.760,-2.760,-2.760,147.330,170.310,147.330,136.340
1981-09-28,115.530,0.355,2.447,0.452,-0.986,-2.810,-4.710,1.000,0.802,1,0.355,0.258,True Positive,1,0.355,0.258,True Positive,0.410,0.410,0.410,144.570,167.550,144.570,136.340
1981-09-29,115.940,0.207,0.355,2.811,0.251,-1.033,-3.440,1.000,0.347,-1,-0.207,0.040,False Negative,1,0.207,0.123,True Positive,0.240,0.240,-0.240,144.980,167.960,144.980,136.340
1981-09-30,116.180,0.775,0.207,0.563,1.017,-0.069,-1.526,1.000,0.504,1,0.775,0.085,True Positive,1,0.775,0.168,True Positive,0.900,0.900,0.900,145.220,167.720,145.220,136.340
1981-10-01,117.080,1.947,0.775,0.983,3.822,-0.136,-1.115,1.000,0.622,1,1.947,0.085,True Positive,1,1.947,0.167,True Positive,2.280,2.280,2.280,146.120,168.620,146.120,136.340
1981-10-02,119.360,0.126,1.947,2.737,3.315,2.297,-0.649,1.000,0.672,1,0.126,0.599,True Positive,1,0.126,0.682,True Positive,0.150,0.150,0.150,148.400,170.900,148.400,136.340
1981-10-05,119.510,-0.100,0.126,2.076,3.079,3.338,-1.727,-1.000,0.412,-1,0.100,0.548,True Negative,1,-0.100,0.591,False Positive,-0.120,-0.120,0.120,148.550,171.050,148.550,136.340
1981-10-06,119.390,1.608,-0.100,0.025,2.763,3.808,-1.053,1.000,0.523,1,1.608,0.911,True Positive,1,1.608,0.871,True Positive,1.920,1.920,1.920,148.430,171.170,148.430,136.340
1981-10-07,121.310,0.824,1.608,1.506,3.613,7.573,1.286,1.000,0.705,1,0.824,0.921,True Positive,1,0.824,0.881,True Positive,1.000,1.000,1.000,150.350,173.090,150.350,136.340
1981-10-08,122.310,-0.703,0.824,2.446,2.472,5.869,2.894,-1.000,0.499,-1,0.703,0.672,True Negative,1,-0.703,0.351,False Positive,-0.860,-0.860,0.860,151.350,174.090,151.350,136.340
1981-10-09,121.450,-0.198,-0.703,0.115,1.623,4.752,3.671,-1.000,0.404,-1,0.198,0.687,True Negative,1,-0.198,0.286,False Positive,-0.240,-0.240,0.240,150.490,174.950,150.490,136.340
1981-10-12,121.210,-0.355,-0.198,-0.899,1.524,4.329,4.258,-1.000,0.565,1,-0.355,0.596,False Positive,1,-0.355,0.235,False Positive,-0.430,-0.430,-0.430,150.250,175.190,150.250,136.340
1981-10-13,120.780,-1.639,-0.355,-0.552,-0.437,3.160,3.019,-1.000,0.473,-1,1.639,0.602,True Negative,-1,1.639,0.241,True Negative,-1.980,1.980,1.980,149.820,174.760,149.820,136.340
1981-10-14,118.800,0.766,-1.639,-1.988,-2.870,-0.469,1.817,1.000,0.326,-1,-0.766,0.284,False Negative,-1,-0.766,-0.077,False Negative,0.910,-0.910,-0.910,151.800,176.740,151.800,136.340
1981-10-15,119.710,-0.434,0.766,-0.886,-1.433,0.167,3.511,-1.000,0.668,1,-0.434,0.056,False Positive,1,-0.434,-0.023,False Positive,-0.520,-0.520,-0.520,150.890,175.830,150.890,136.340
1981-10-16,119.190,-0.176,-0.434,0.328,-1.667,-0.168,3.634,-1.000,0.378,-1,0.176,0.052,True Negative,-1,0.176,0.052,True Negative,-0.210,0.210,0.210,150.370,175.310,150.370,136.340
1981-10-19,118.980,1.093,-0.176,-0.610,-1.490,-1.921,5.507,1.000,0.500,1,1.093,0.342,True Positive,-1,-1.093,-0.096,False Negative,1.300,-1.300,1.300,150.580,175.520,150.580,136.340
1981-10-20,120.280,-0.150,1.093,0.915,1.246,-1.660,4.111,-1.000,0.645,1,-0.150,-0.016,False Positive,1,-0.150,-0.453,False Positive,-0.180,-0.180,-0.180,149.280,176.820,149.280,136.340
1981-10-21,120.100,-0.383,-0.150,0.941,0.326,-1.112,3.588,-1.000,0.417,-1,0.383,0.214,True Negative,1,-0.383,-0.377,False Positive,-0.460,-0.460,0.460,149.100,176.640,149.100,136.340
1981-10-22,119.640,-0.869,-0.383,-0.532,0.378,-1.295,2.978,-1.000,0.488,-1,0.869,0.474,True Negative,-1,0.869,-0.116,True Negative,-1.040,1.040,1.040,148.640,177.100,148.640,136.340
1981-10-23,118.600,-0.371,-0.869,-1.249,-0.319,-1.805,1.298,-1.000,0.443,-1,0.371,0.513,True Negative,-1,0.371,-0.077,True Negative,-0.440,0.440,0.440,149.680,178.140,149.680,136.340
1981-10-26,118.160,0.956,-0.371,-1.237,-1.763,-0.539,-1.005,1.000,0.491,-1,-0.956,0.103,False Negative,-1,-0.956,-0.050,False Negative,1.130,-1.130,-1.130,150.120,178.580,150.120,136.340
1981-10-27,119.290,0.134,0.956,0.582,-0.674,-0.351,-0.184,1.000,0.600,1,0.134,0.160,True Positive,1,0.134,0.007,True Positive,0.160,0.160,0.160,148.990,177.450,148.990,136.340
1981-10-28,119.450,-0.326,0.134,1.092,-0.159,0.218,0.050,-1.000,0.434,-1,0.326,0.149,True Negative,1,-0.326,0.018,False Positive,-0.390,-0.390,0.390,149.150,177.610,149.150,136.340
1981-10-29,119.060,2.377,-0.326,-0.193,0.388,0.067,-1.855,1.000,0.458,-1,-2.377,-0.500,False Negative,-1,-2.377,-0.631,False Negative,2.830,-2.830,-2.830,148.760,178.000,148.760,136.340
1981-10-30,121.890,1.895,2.377,2.043,3.157,1.339,-0.343,1.000,0.771,1,1.895,-0.196,True Positive,1,1.895,-0.326,True Positive,2.310,2.310,2.310,145.930,175.170,145.930,136.340
1981-11-02,124.200,0.483,1.895,4.317,4.116,3.414,2.264,1.000,0.572,1,0.483,0.092,True Positive,1,0.483,-0.038,True Positive,0.600,0.600,0.600,148.240,177.480,148.240,136.340
1981-11-03,124.800,-0.048,0.483,2.387,4.479,4.313,2.962,-1.000,0.486,-1,0.048,0.075,True Negative,1,-0.048,-0.075,False Positive,-0.060,-0.060,0.060,148.840,178.080,148.840,136.340
1981-11-04,124.740,-0.962,-0.048,0.435,4.771,5.177,3.279,-1.000,0.548,1,-0.962,-0.183,False Positive,1,-0.962,-0.202,False Positive,-1.200,-1.200,-1.200,148.780,178.140,148.780,136.340
1981-11-05,123.540,-0.704,-0.962,-1.010,1.354,4.553,3.990,-1.000,0.440,-1,0.704,0.434,True Negative,-1,0.704,0.414,True Negative,-0.870,0.870,0.870,147.580,176.940,147.580,136.340
1981-11-06,122.670,0.505,-0.704,-1.659,-1.232,2.833,2.473,1.000,0.481,-1,-0.505,-0.046,False Negative,-1,-0.505,-0.066,False Negative,0.620,-0.620,-0.620,148.450,177.810,148.450,136.340
1981-11-09,123.290,-0.479,0.505,-0.202,-1.210,3.215,3.440,-1.000,0.578,1,-0.479,-0.239,False Positive,1,-0.479,-0.258,False Positive,-0.590,-0.590,-0.590,147.830,177.190,147.830,136.340
1981-11-10,122.700,0.179,-0.479,0.024,-1.635,3.057,3.127,1.000,0.388,-1,-0.179,-0.284,False Negative,-1,-0.179,-0.284,False Negative,0.220,-0.220,-0.220,147.240,176.600,147.240,136.340
1981-11-11,122.920,0.220,0.179,-0.300,-0.502,0.845,2.195,1.000,0.544,1,0.220,-0.048,True Positive,1,0.220,-0.048,True Positive,0.270,0.270,0.270,147.020,176.380,147.020,136.340
1981-11-12,123.190,-1.234,0.220,0.399,0.424,-0.813,2.573,-1.000,0.519,1,-1.234,-0.435,False Positive,1,-1.234,-0.435,False Positive,-1.520,-1.520,-1.520,147.290,176.650,147.290,136.340
1981-11-13,121.670,-1.175,-1.234,-1.017,-1.314,-2.508,1.697,-1.000,0.350,-1,1.175,-0.099,True Negative,-1,1.175,-0.099,True Negative,-1.430,1.430,1.430,145.770,175.130,145.770,136.340
1981-11-16,120.240,0.757,-1.175,-2.395,-2.005,-3.608,1.383,1.000,0.447,-1,-0.757,-0.155,False Negative,-1,-0.757,-0.155,False Negative,0.910,-0.910,-0.910,147.200,176.560,147.200,136.340
1981-11-17,121.150,-0.735,0.757,-0.427,-1.440,-1.935,2.530,-1.000,0.635,1,-0.735,-0.266,False Positive,1,-0.735,-0.266,False Positive,-0.890,-0.890,-0.890,146.290,175.650,146.290,136.340
1981-11-18,120.260,0.374,-0.735,0.017,-2.378,-1.965,0.813,1.000,0.335,-1,-0.374,-0.385,False Negative,-1,-0.374,-0.385,False Negative,0.450,-0.450,-0.450,145.400,174.760,145.400,136.340
1981-11-19,120.710,0.828,0.374,-0.363,-0.789,-2.093,1.055,1.000,0.577,1,0.828,0.027,True Positive,-1,-0.828,-0.304,False Negative,1.000,-1.000,1.000,144.950,174.310,144.950,136.340
1981-11-20,121.710,-0.090,0.828,1.206,1.223,-0.807,2.226,-1.000,0.575,1,-0.090,-0.226,False Positive,1,-0.090,-0.557,False Positive,-0.110,-0.110,-0.110,143.950,175.310,143.950,136.340
1981-11-23,121.600,1.571,-0.090,0.737,0.371,-1.074,-0.238,1.000,0.433,-1,-1.571,-0.388,False Negative,-1,-1.571,-0.720,False Negative,1.910,-1.910,-1.910,143.840,175.200,143.840,136.340
1981-11-24,123.510,0.437,1.571,1.479,2.702,0.260,-0.556,1.000,0.691,1,0.437,-0.154,True Positive,1,0.437,-0.485,True Positive,0.540,0.540,0.540,141.930,173.290,141.930,136.340
1981-11-25,124.050,0.838,0.437,2.015,2.767,1.956,-0.601,1.000,0.467,-1,-0.838,-0.247,False Negative,1,0.838,-0.243,True Positive,1.040,1.040,-1.040,142.470,173.830,142.470,136.340
1981-11-27,125.090,1.007,0.838,1.279,2.777,4.034,0.281,1.000,0.590,1,1.007,-0.211,True Positive,1,1.007,0.124,True Positive,1.260,1.260,1.260,143.510,172.790,143.510,136.340
1981-11-30,126.350,-0.198,1.007,1.854,3.906,4.292,2.275,-1.000,0.601,1,-0.198,-0.233,False Positive,1,-0.198,0.103,False Positive,-0.250,-0.250,-0.250,144.770,174.050,144.770,136.340
1981-12-01,126.100,-1.118,-0.198,0.807,2.097,4.856,2.796,-1.000,0.443,-1,1.118,0.305,True Negative,1,-1.118,0.193,False Positive,-1.410,-1.410,1.410,144.520,173.800,144.520,136.340
1981-12-02,124.690,0.345,-1.118,-1.314,0.516,3.297,1.136,1.000,0.415,-1,-0.345,0.149,False Negative,-1,-0.345,0.037,False Negative,0.430,-0.430,-0.430,143.110,175.210,143.110,136.340
1981-12-03,125.120,0.911,0.345,-0.777,0.024,2.802,1.972,1.000,0.613,1,0.911,0.499,True Positive,1,0.911,0.051,True Positive,1.140,1.140,1.140,142.680,174.780,142.680,136.340
1981-12-04,126.260,-0.847,0.911,1.259,-0.071,3.832,2.717,-1.000,0.556,1,-0.847,0.128,False Positive,1,-0.847,-0.319,False Positive,-1.070,-1.070,-1.070,143.820,175.920,143.820,136.340
1981-12-07,125.190,-0.296,-0.847,0.056,-0.722,1.360,1.624,-1.000,0.342,-1,0.296,0.227,True Negative,-1,0.296,-0.221,True Negative,-0.370,0.370,0.370,142.750,174.850,142.750,136.340
1981-12-08,124.820,0.529,-0.296,-1.141,0.104,0.621,2.589,1.000,0.540,1,0.529,0.109,True Positive,-1,-0.529,-0.103,False Negative,0.660,-0.660,0.660,143.120,175.220,143.120,136.340
1981-12-09,125.480,0.183,0.529,0.232,0.288,0.312,4.358,1.000,0.584,1,0.183,0.214,True Positive,1,0.183,0.003,True Positive,0.230,0.230,0.230,142.460,175.880,142.460,136.340
1981-12-10,125.710,-0.620,0.183,0.713,-0.436,-0.507,3.764,-1.000,0.475,-1,0.620,0.156,True Negative,1,-0.620,-0.303,False Positive,-0.780,-0.780,0.780,142.690,176.110,142.690,136.340
1981-12-11,124.930,-1.721,-0.620,-0.438,-0.208,-0.928,3.883,-1.000,0.431,-1,1.721,0.670,True Negative,-1,1.721,0.210,True Negative,-2.150,2.150,2.150,141.910,176.890,141.910,136.340
1981-12-14,122.780,0.171,-1.721,-2.331,-1.634,-1.532,1.715,1.000,0.359,-1,-0.171,0.576,False Negative,-1,-0.171,0.117,False Negative,0.210,-0.210,-0.210,144.060,179.040,144.060,136.340
1981-12-15,122.990,-0.463,0.171,-1.553,-1.984,-1.702,1.052,-1.000,0.608,1,-0.463,0.378,False Positive,-1,0.463,0.315,True Negative,-0.570,0.570,-0.570,143.850,178.830,143.850,136.340
1981-12-16,122.420,0.572,-0.463,-0.293,-2.617,-3.041,0.674,1.000,0.396,-1,-0.572,0.227,False Negative,-1,-0.572,0.164,False Negative,0.700,-0.700,-0.700,144.420,178.260,144.420,136.340
1981-12-17,123.120,0.715,0.572,0.106,-1.449,-1.653,-0.316,1.000,0.558,1,0.715,0.246,True Positive,-1,-0.715,0.145,False Negative,0.880,-0.880,0.880,143.720,177.560,143.720,136.340
1981-12-18,124.000,-0.532,0.715,1.291,0.994,-0.657,-0.040,-1.000,0.540,1,-0.532,-0.205,False Positive,1,-0.532,-0.305,False Positive,-0.660,-0.660,-0.660,142.840,178.440,142.840,136.340
1981-12-21,123.340,-0.373,-0.532,0.179,0.285,-1.705,-1.399,-1.000,0.398,-1,0.373,-0.096,True Negative,-1,0.373,-0.197,True Negative,-0.460,0.460,0.460,142.180,177.780,142.180,136.340
1981-12-22,122.880,-0.464,-0.373,-0.903,0.376,-2.251,-2.746,-1.000,0.504,1,-0.464,-0.096,False Positive,-1,0.464,-0.196,True Negative,-0.570,0.570,-0.570,142.640,178.240,142.640,136.340
1981-12-23,122.310,0.188,-0.464,-0.835,-0.658,-2.097,-3.006,1.000,0.463,-1,-0.188,-0.019,False Negative,-1,-0.188,-0.120,False Negative,0.230,-0.230,-0.230,143.210,177.670,143.210,136.340
1981-12-24,122.540,-0.220,0.188,-0.277,-1.177,-0.195,-1.724,-1.000,0.522,1,-0.220,-0.206,False Positive,-1,0.220,0.067,True Negative,-0.270,0.270,-0.270,142.980,177.440,142.980,136.340
1981-12-28,122.270,-0.491,-0.220,-0.033,-0.868,-0.585,-2.278,-1.000,0.440,-1,0.491,-0.002,True Negative,-1,0.491,0.272,True Negative,-0.600,0.600,0.600,143.250,177.170,143.250,136.340
1981-12-29,121.670,0.518,-0.491,-0.710,-0.985,-0.613,-3.635,1.000,0.439,-1,-0.518,-0.180,False Negative,-1,-0.518,0.094,False Negative,0.630,-0.630,-0.630,143.850,177.770,143.850,136.340
1981-12-30,122.300,0.204,0.518,0.025,-0.008,-0.666,-2.308,1.000,0.576,1,0.204,-0.046,True Positive,1,0.204,0.042,True Positive,0.250,0.250,0.250,143.220,177.140,143.220,136.340
1981-12-31,122.550,0.155,0.204,0.723,0.008,-1.169,-1.819,1.000,0.473,-1,-0.155,-0.040,False Negative,1,0.155,0.110,True Positive,0.000,0.000,-0.000,143.470,177.390,143.470,136.340
1982-01-04,122.740,-2.192,0.155,0.360,0.384,-0.486,-2.184,-1.000,0.498,-1,2.192,0.000,True Negative,-1,2.192,0.000,True Negative,-2.690,2.690,2.690,122.740,122.740,143.470,136.340
1982-01-05,120.050,-0.725,-2.192,-2.040,-1.331,-2.303,-4.502,-1.000,0.269,-1,0.725,0.000,True Negative,-1,0.725,0.000,True Negative,-0.870,0.870,0.870,125.430,125.430,146.160,136.340
1982-01-06,119.180,-0.210,-0.725,-2.900,-2.551,-2.559,-4.603,-1.000,0.531,1,-0.210,0.000,False Positive,-1,0.210,0.000,True Negative,-0.250,0.250,-0.250,126.300,126.300,147.030,136.340
1982-01-07,118.930,0.521,-0.210,-0.933,-2.954,-2.946,-3.136,1.000,0.473,-1,-0.521,0.000,False Negative,-1,-0.521,0.000,False Negative,0.620,-0.620,-0.620,126.550,126.050,147.280,136.340
1982-01-08,119.550,-2.317,0.521,0.310,-2.599,-2.225,-2.797,-1.000,0.511,1,-2.317,0.000,False Positive,-1,2.317,0.000,True Negative,-2.770,2.770,-2.770,125.930,125.430,146.660,136.340
1982-01-11,116.780,-0.411,-2.317,-1.808,-2.724,-4.019,-4.607,-1.000,0.224,-1,0.411,-0.382,True Negative,-1,0.411,0.628,True Negative,-0.480,0.480,0.480,128.700,122.660,149.430,136.340
1982-01-12,116.300,-1.221,-0.411,-2.719,-2.417,-4.906,-5.539,-1.000,0.570,1,-1.221,-0.772,False Positive,-1,1.221,0.728,True Negative,-1.420,1.420,-1.420,129.180,123.140,149.910,136.340
1982-01-13,114.880,0.575,-1.221,-1.627,-3.405,-6.259,-7.355,1.000,0.345,-1,-0.575,-0.845,False Negative,-1,-0.575,0.571,False Negative,0.660,-0.660,-0.660,130.600,121.720,151.330,136.340
1982-01-14,115.540,0.684,0.575,-0.653,-3.354,-5.866,-6.324,1.000,0.568,1,0.684,-0.604,True Positive,-1,-0.684,0.538,False Negative,0.790,-0.790,0.790,129.940,121.060,150.670,136.340
1982-01-15,116.330,0.765,0.684,1.262,-0.385,-3.099,-5.330,1.000,0.502,1,0.765,0.013,True Positive,1,0.765,0.228,True Positive,0.890,0.890,0.890,129.150,121.850,149.880,136.340
1982-01-18,117.220,-1.066,0.765,1.454,0.791,-1.645,-4.162,-1.000,0.523,1,-1.066,-0.283,False Positive,1,-1.066,-0.068,False Positive,-1.250,-1.250,-1.250,130.040,122.740,150.770,136.340
1982-01-19,115.970,-0.604,-1.066,-0.309,0.949,-2.489,-5.362,-1.000,0.353,-1,0.604,0.082,True Negative,-1,0.604,-0.191,True Negative,-0.700,0.700,0.700,128.790,121.490,149.520,136.340
1982-01-20,115.270,0.416,-0.604,-1.664,-0.234,-3.580,-5.725,1.000,0.500,-1,-0.416,0.114,False Negative,-1,-0.416,-0.159,False Negative,0.480,-0.480,-0.480,129.490,122.190,150.220,136.340
1982-01-21,115.750,-0.320,0.416,-0.190,-0.499,-0.882,-4.866,-1.000,0.559,1,-0.320,-0.087,False Positive,-1,0.320,0.041,True Negative,-0.370,0.370,-0.370,129.010,121.710,149.740,136.340
1982-01-22,115.380,0.026,-0.320,0.095,-1.570,-0.791,-5.658,1.000,0.400,-1,-0.026,-0.245,False Negative,-1,-0.026,-0.117,False Negative,0.030,-0.030,-0.030,129.380,121.340,150.110,136.340
1982-01-25,115.410,-0.191,0.026,-0.294,-0.483,0.461,-5.826,-1.000,0.501,1,-0.191,-0.070,False Positive,-1,0.191,0.135,True Negative,-0.220,0.220,-0.220,129.350,121.310,150.080,136.340
1982-01-26,115.190,0.477,-0.191,-0.165,-0.069,-0.303,-6.151,1.000,0.462,-1,-0.477,-0.286,False Negative,-1,-0.477,-0.082,False Negative,0.550,-0.550,-0.550,129.570,121.090,150.300,136.340
1982-01-27,115.740,2.748,0.477,0.286,-0.009,-0.507,-3.590,1.000,0.546,1,2.748,0.347,True Positive,1,2.748,0.551,True Positive,3.180,3.180,3.180,129.020,120.540,149.750,136.340
1982-01-28,118.920,1.245,2.748,3.238,3.068,1.450,-0.218,1.000,0.745,1,1.245,0.660,True Positive,1,1.245,0.736,True Positive,1.480,1.480,1.480,132.200,123.720,152.930,136.340
1982-01-29,120.400,-2.176,1.245,4.026,4.324,3.820,1.236,-1.000,0.490,-1,2.176,1.100,True Negative,1,-2.176,0.306,False Positive,-2.620,-2.620,2.620,133.680,125.200,154.410,136.340
1982-02-01,117.780,0.195,-2.176,-0.959,2.248,2.177,-1.481,1.000,0.262,-1,-0.195,1.099,False Negative,-1,-0.195,0.229,False Negative,0.230,-0.230,-0.230,131.060,127.820,151.790,136.340
1982-02-02,118.010,-1.296,0.195,-1.985,1.961,1.952,1.053,-1.000,0.693,1,-1.296,0.936,False Positive,1,-1.296,0.065,False Positive,-1.530,-1.530,-1.530,130.830,127.590,151.560,136.340
1982-02-03,116.480,-0.052,-1.296,-1.104,-2.052,0.953,0.155,-1.000,0.335,-1,0.052,0.396,True Negative,-1,0.052,-0.474,True Negative,-0.060,0.060,0.060,129.300,126.060,150.030,136.340
1982-02-04,116.420,0.722,-0.052,-1.347,-3.306,0.875,1.341,1.000,0.531,1,0.722,0.292,True Positive,-1,-0.722,-0.867,False Negative,0.840,-0.840,0.840,129.360,126.120,150.090,136.340
1982-02-05,117.260,-2.243,0.722,0.670,-0.441,1.797,1.489,-1.000,0.563,1,-2.243,-0.592,False Positive,1,-2.243,-0.881,False Positive,-2.630,-2.630,-2.630,128.520,126.960,149.250,136.340
1982-02-08,114.630,-0.829,-2.243,-1.538,-2.864,-0.959,-1.461,-1.000,0.222,-1,0.829,-0.387,True Negative,-1,0.829,-0.676,True Negative,-0.950,0.950,0.950,125.890,124.330,146.620,136.340
1982-02-09,113.680,0.862,-0.829,-3.053,-2.404,-4.406,-3.020,1.000,0.531,1,0.862,0.044,True Positive,-1,-0.862,-0.589,False Negative,0.980,-0.980,0.980,126.840,125.280,147.570,136.340
1982-02-10,114.660,-0.201,0.862,0.026,-1.512,-4.767,-1.130,-1.000,0.607,1,-0.201,-0.006,False Positive,-1,0.201,-0.559,True Negative,-0.230,0.230,-0.230,125.860,126.260,146.590,136.340
1982-02-11,114.430,-0.044,-0.201,0.660,-2.413,-2.844,-0.729,-1.000,0.378,-1,0.044,-0.142,True Negative,-1,0.044,-0.406,True Negative,-0.050,0.050,0.050,126.090,126.030,146.820,136.340
1982-02-12,114.380,-0.280,-0.044,-0.244,-0.218,-3.076,-1.184,-1.000,0.501,1,-0.280,0.251,False Positive,-1,0.280,0.098,True Negative,-0.320,0.320,-0.320,126.140,126.080,146.870,136.340
1982-02-16,114.060,-0.324,-0.280,-0.323,0.334,-2.078,-1.144,-1.000,0.477,-1,0.324,0.150,True Negative,-1,0.324,-0.003,True Negative,-0.370,0.370,0.370,126.460,125.760,147.190,136.340
1982-02-17,113.690,0.114,-0.324,-0.603,-0.846,-2.345,-1.490,1.000,0.469,-1,-0.114,-0.045,False Negative,-1,-0.114,0.147,False Negative,0.130,-0.130,-0.130,126.830,126.130,147.560,136.340
1982-02-18,113.820,-0.527,0.114,-0.210,-0.533,-2.934,-1.189,-1.000,0.519,1,-0.527,-0.111,False Positive,-1,0.527,0.212,True Negative,-0.600,0.600,-0.600,126.700,126.000,147.430,136.340
1982-02-19,113.220,-1.440,-0.527,-0.413,-1.014,-1.230,-2.177,-1.000,0.419,-1,1.440,0.169,True Negative,-1,1.440,0.491,True Negative,-1.630,1.630,1.630,127.300,125.400,148.030,136.340
1982-02-22,111.590,-0.072,-1.440,-1.959,-2.166,-1.838,-6.164,-1.000,0.354,-1,0.072,0.239,True Negative,-1,0.072,0.450,True Negative,-0.080,0.080,0.080,128.930,127.030,149.660,136.340
1982-02-23,111.510,1.758,-0.072,-1.510,-1.917,-2.747,-7.384,1.000,0.544,1,1.758,0.526,True Positive,-1,-1.758,0.033,False Negative,1.960,-1.960,1.960,129.010,127.110,149.740,136.340
1982-02-24,113.470,-0.229,1.758,1.685,-0.308,-0.839,-3.659,-1.000,0.648,1,-0.229,0.503,False Positive,1,-0.229,0.010,False Positive,-0.260,-0.260,-0.260,127.050,129.070,147.780,136.340
1982-02-25,113.210,-0.088,-0.229,1.525,-0.009,-1.023,-4.067,-1.000,0.347,-1,0.088,0.626,True Negative,-1,0.088,-0.077,True Negative,-0.100,0.100,0.100,126.790,128.810,147.520,136.340
1982-02-26,113.110,0.177,-0.088,-0.317,1.362,-0.833,-2.893,1.000,0.521,1,0.177,0.373,True Positive,-1,-0.177,-0.401,False Negative,0.200,-0.200,0.200,126.890,128.910,147.620,136.340
1982-03-01,113.310,-0.556,0.177,0.088,1.614,-0.334,-2.671,-1.000,0.540,1,-0.556,0.248,False Positive,1,-0.556,-0.526,False Positive,-0.630,-0.630,-0.630,126.690,129.110,147.420,136.340
1982-03-02,112.680,-1.562,-0.556,-0.380,-0.696,-1.002,-3.906,-1.000,0.413,-1,1.562,0.208,True Negative,-1,1.562,0.138,True Negative,-1.760,1.760,1.760,126.060,128.480,146.790,136.340
1982-03-03,110.920,-0.938,-1.562,-2.109,-2.023,-2.031,-3.236,-1.000,0.354,-1,0.938,0.442,True Negative,-1,0.938,0.371,True Negative,-1.040,1.040,1.040,127.820,130.240,148.550,136.340
1982-03-04,109.880,-0.491,-0.938,-2.485,-2.856,-1.532,-3.343,-1.000,0.464,-1,0.491,0.522,True Negative,-1,0.491,0.452,True Negative,-0.540,0.540,0.540,128.860,131.280,149.590,136.340
1982-03-05,109.340,-1.829,-0.491,-1.424,-3.504,-1.946,-4.640,-1.000,0.449,-1,1.829,0.853,True Negative,-1,1.829,0.853,True Negative,-2.000,2.000,2.000,129.400,131.820,150.130,136.340
1982-03-08,107.340,1.388,-1.829,-2.312,-4.739,-5.402,-6.196,1.000,0.284,-1,-1.388,0.686,False Negative,-1,-1.388,0.686,False Negative,1.490,-1.490,-1.490,131.400,133.820,152.130,136.340
1982-03-09,108.830,0.533,1.388,-0.466,-1.884,-3.869,-4.852,1.000,0.703,1,0.533,0.481,True Positive,-1,-0.533,0.267,False Negative,0.580,-0.580,0.580,129.910,132.330,150.640,136.340
1982-03-10,109.410,-0.046,0.533,1.928,-0.428,-3.271,-4.077,-1.000,0.432,-1,0.046,0.302,True Negative,1,-0.046,0.071,False Positive,-0.050,-0.050,0.050,129.330,132.910,150.060,136.340
1982-03-11,109.360,-0.686,-0.046,0.487,0.018,-3.486,-3.809,-1.000,0.447,-1,0.686,0.341,True Negative,-1,0.686,0.110,True Negative,-0.750,0.750,0.750,129.280,132.960,150.010,136.340
1982-03-12,108.610,0.773,-0.686,-0.731,1.183,-3.612,-4.577,1.000,0.446,-1,-0.773,-0.179,False Negative,-1,-0.773,-0.411,False Negative,0.840,-0.840,-0.840,130.030,133.710,150.760,136.340
1982-03-15,109.450,-0.155,0.773,0.082,0.570,-1.325,-3.330,-1.000,0.618,1,-0.155,0.067,False Positive,1,-0.155,-0.164,False Positive,-0.170,-0.170,-0.170,129.190,132.870,149.920,136.340
1982-03-16,109.280,-0.183,-0.155,0.617,-0.119,-0.546,-2.070,-1.000,0.422,-1,0.183,-0.003,True Negative,-1,0.183,-0.021,True Negative,-0.200,0.200,0.200,129.020,132.700,149.750,136.340
1982-03-17,109.080,1.118,-0.183,-0.338,-0.256,-0.238,-2.179,1.000,0.481,-1,-1.118,-0.235,False Negative,-1,-1.118,-0.235,False Negative,1.220,-1.220,-1.220,129.220,132.900,149.950,136.340
1982-03-18,110.300,0.281,1.118,0.933,1.556,2.758,-2.794,1.000,0.630,1,0.281,-0.316,True Positive,1,0.281,-0.316,True Positive,0.310,0.310,0.310,128.000,131.680,148.730,136.340
1982-03-19,110.610,1.953,0.281,1.403,1.060,1.636,-2.297,1.000,0.456,-1,-1.953,-0.552,False Negative,1,1.953,0.229,True Positive,2.160,2.160,-2.160,128.310,131.990,149.040,136.340
1982-03-22,112.770,0.692,1.953,2.239,3.194,3.071,-0.301,1.000,0.699,1,0.692,-0.383,True Positive,1,0.692,0.398,True Positive,0.780,0.780,0.780,130.470,129.830,151.200,136.340
1982-03-23,113.550,-0.511,0.692,2.658,4.098,3.831,0.212,-1.000,0.490,-1,0.511,-0.317,True Negative,1,-0.511,0.259,False Positive,-0.580,-0.580,0.580,131.250,130.610,151.980,136.340
1982-03-24,112.970,0.212,-0.511,0.177,2.421,4.014,0.257,1.000,0.441,-1,-0.212,-0.136,False Negative,1,0.212,0.525,True Positive,0.240,0.240,-0.240,130.670,131.190,151.400,136.340
1982-03-25,113.210,-1.122,0.212,-0.299,2.351,3.435,2.065,-1.000,0.594,1,-1.122,-0.417,False Positive,1,-1.122,0.245,False Positive,-1.270,-1.270,-1.270,130.910,130.950,151.640,136.340
1982-03-26,111.940,0.322,-1.122,-0.912,-0.736,2.434,1.875,1.000,0.371,-1,-0.322,-0.091,False Negative,-1,-0.322,-0.210,False Negative,0.360,-0.360,-0.360,129.640,129.680,150.370,136.340
1982-03-29,112.300,-0.027,0.322,-0.804,-1.101,2.952,2.707,-1.000,0.592,1,-0.027,-0.234,False Positive,1,-0.027,-0.354,False Positive,-0.030,-0.030,-0.030,129.280,129.320,150.010,136.340
1982-03-30,112.270,-0.276,-0.027,0.295,-0.620,1.786,4.593,-1.000,0.470,-1,0.276,-0.281,True Negative,1,-0.276,-0.307,False Positive,-0.310,-0.310,0.310,129.250,129.290,149.980,136.340
1982-03-31,111.960,1.635,-0.276,-0.303,-1.104,1.221,2.876,1.000,0.460,-1,-1.635,-0.566,False Negative,-1,-1.635,-0.676,False Negative,1.830,-1.830,-1.830,128.940,129.600,149.670,136.340
1982-04-01,113.790,1.169,1.635,1.354,1.653,0.904,4.003,1.000,0.694,1,1.169,-0.108,True Positive,1,1.169,-0.218,True Positive,1.330,1.330,1.330,127.110,127.770,147.840,136.340
1982-04-02,115.120,-0.339,1.169,2.822,2.511,1.383,5.267,-1.000,0.541,1,-0.339,-0.111,False Positive,1,-0.339,-0.222,False Positive,-0.390,-0.390,-0.390,128.440,129.100,149.170,136.340
1982-04-05,114.730,0.549,-0.339,0.826,2.191,1.558,5.635,1.000,0.431,-1,-0.549,-0.216,False Negative,1,0.549,-0.106,True Positive,0.630,0.630,-0.630,128.050,128.710,148.780,136.340
1982-04-06,115.360,0.087,0.549,0.208,3.037,1.899,5.400,1.000,0.631,1,0.087,-0.253,True Positive,1,0.087,-0.034,True Positive,0.100,0.100,0.100,128.680,128.080,149.410,136.340
1982-04-07,115.460,0.658,0.087,0.636,1.468,3.145,5.655,1.000,0.502,1,0.658,0.205,True Positive,1,0.658,0.425,True Positive,0.760,0.760,0.760,128.780,128.180,149.510,136.340
1982-04-08,116.220,-0.189,0.658,0.745,0.956,3.491,6.546,-1.000,0.580,1,-0.189,-0.066,False Positive,1,-0.189,0.153,False Positive,-0.220,-0.220,-0.220,129.540,128.940,150.270,136.340
1982-04-12,116.000,-0.009,-0.189,0.468,1.107,3.322,5.168,-1.000,0.462,-1,0.009,0.003,True Negative,1,-0.009,0.219,False Positive,-0.010,-0.010,0.010,129.320,128.720,150.050,136.340
1982-04-13,115.990,-0.138,-0.009,-0.198,0.546,3.599,4.864,-1.000,0.528,1,-0.138,0.085,False Positive,1,-0.138,0.082,False Positive,-0.160,-0.160,-0.160,129.310,128.730,150.040,136.340
1982-04-14,115.830,0.449,-0.138,-0.147,0.320,1.793,2.713,1.000,0.495,-1,-0.449,-0.022,False Negative,1,0.449,0.154,True Positive,0.520,0.520,-0.520,129.150,128.570,149.880,136.340
1982-04-15,116.350,0.395,0.449,0.310,0.112,1.068,2.466,1.000,0.555,1,0.395,-0.074,True Positive,1,0.395,0.102,True Positive,0.460,0.460,0.460,129.670,128.050,150.400,136.340
1982-04-16,116.810,-0.094,0.395,0.846,0.698,1.813,3.399,-1.000,0.520,1,-0.094,-0.055,False Positive,1,-0.094,0.121,False Positive,-0.110,-0.110,-0.110,130.130,128.510,150.860,136.340
1982-04-19,116.700,-1.080,-0.094,0.301,0.612,1.162,3.083,-1.000,0.476,-1,1.080,0.159,True Negative,1,-1.080,-0.094,False Positive,-1.260,-1.260,1.260,130.020,128.400,150.750,136.340
1982-04-20,115.440,0.243,-1.080,-1.173,-0.337,-0.017,3.127,1.000,0.405,-1,-0.243,0.138,False Negative,-1,-0.243,-0.115,False Negative,0.280,-0.280,-0.280,128.760,129.660,149.490,136.340
1982-04-21,115.720,1.270,0.243,-0.840,-0.541,-0.430,3.045,1.000,0.592,1,1.270,0.482,True Positive,-1,-1.270,-0.458,False Negative,1.470,-1.470,1.470,128.480,129.380,149.210,136.340
1982-04-22,117.190,1.237,1.270,1.516,0.325,1.026,4.382,1.000,0.610,1,1.237,0.650,True Positive,1,1.237,-0.290,True Positive,1.450,1.450,1.450,127.010,130.850,147.740,136.340
1982-04-23,118.640,0.523,1.237,2.523,1.662,2.285,5.966,1.000,0.561,1,0.523,0.773,True Positive,1,0.523,-0.167,True Positive,0.620,0.620,0.620,128.460,132.300,149.190,136.340
1982-04-26,119.260,-1.057,0.523,1.766,3.309,2.961,4.807,-1.000,0.522,1,-1.057,0.346,False Positive,1,-1.057,-0.162,False Positive,-1.260,-1.260,-1.260,129.080,132.920,149.810,136.340
1982-04-27,118.000,-0.627,-1.057,-0.539,1.970,1.418,2.502,-1.000,0.401,-1,0.627,0.520,True Negative,-1,0.627,0.012,True Negative,-0.740,0.740,0.740,127.820,131.660,148.550,136.340
1982-04-28,117.260,-0.955,-0.627,-1.677,0.060,0.385,2.205,-1.000,0.518,1,-0.955,0.075,False Positive,-1,0.955,0.457,True Negative,-1.120,1.120,-1.120,128.560,132.400,149.290,136.340
1982-04-29,116.140,0.258,-0.955,-1.576,-2.107,-0.480,0.676,1.000,0.419,-1,-0.258,-0.224,False Negative,-1,-0.258,0.158,False Negative,0.300,-0.300,-0.300,129.680,131.280,150.410,136.340
1982-04-30,116.440,0.326,0.258,-0.699,-2.365,0.866,0.849,1.000,0.550,1,0.326,-0.263,True Positive,-1,-0.326,-0.012,False Negative,0.380,-0.380,0.380,129.380,130.980,150.110,136.340
1982-05-03,116.820,0.548,0.326,0.586,-1.000,0.951,0.516,1.000,0.493,-1,-0.548,-0.162,False Negative,1,0.548,0.309,True Positive,0.640,0.640,-0.640,129.000,131.360,149.730,136.340
1982-05-04,117.460,0.179,0.548,0.876,0.171,0.230,1.259,1.000,0.530,1,0.179,-0.251,True Positive,1,0.179,0.220,True Positive,0.210,0.210,0.210,129.640,130.720,150.370,136.340
1982-05-05,117.670,0.858,0.179,0.728,1.317,-0.818,1.448,1.000,0.500,-1,-0.858,-0.232,False Negative,1,0.858,0.200,True Positive,1.010,1.010,-1.010,129.850,130.930,150.580,136.340
1982-05-06,118.680,0.666,0.858,1.039,1.924,-0.486,2.461,1.000,0.600,1,0.666,-0.047,True Positive,1,0.666,0.385,True Positive,0.790,0.790,0.790,130.860,129.920,151.590,136.340
1982-05-07,119.470,-0.912,0.666,1.530,2.268,1.246,2.682,-1.000,0.541,1,-0.912,-0.295,False Positive,1,-0.912,0.268,False Positive,-1.090,-1.090,-1.090,131.650,130.710,152.380,136.340
1982-05-10,118.380,0.879,-0.912,-0.253,0.783,0.955,1.344,1.000,0.383,-1,-0.879,-0.361,False Negative,-1,-0.879,-0.018,False Negative,1.040,-1.040,-1.040,130.560,129.620,151.290,136.340
1982-05-11,119.420,-0.209,0.879,-0.042,1.487,2.824,2.331,-1.000,0.666,1,-0.209,-0.438,False Positive,1,-0.209,-0.095,False Positive,-0.250,-0.250,-0.250,129.520,128.580,150.250,136.340
1982-05-12,119.170,-0.797,-0.209,0.667,0.413,2.345,3.231,-1.000,0.429,-1,0.797,-0.107,True Negative,1,-0.797,-0.426,False Positive,-0.950,-0.950,0.950,129.270,128.330,150.000,136.340
1982-05-13,118.220,-0.178,-0.797,-1.005,-1.046,1.198,2.160,-1.000,0.425,-1,0.178,-0.205,True Negative,-1,0.178,-0.524,True Negative,-0.210,0.210,0.210,128.320,129.280,149.050,136.340
1982-05-14,118.010,-1.102,-0.178,-0.973,-0.313,0.468,0.700,-1.000,0.532,1,-1.102,-0.243,False Positive,-1,1.102,-0.121,True Negative,-1.300,1.300,-1.300,128.530,129.490,149.260,136.340
1982-05-17,116.710,-0.745,-1.102,-1.277,-2.269,-0.816,-1.627,-1.000,0.368,-1,0.745,0.082,True Negative,-1,0.745,0.204,True Negative,-0.870,0.870,0.870,129.830,128.190,150.560,136.340
1982-05-18,115.840,-0.820,-0.745,-1.839,-2.794,-2.393,-2.868,-1.000,0.452,-1,0.820,0.288,True Negative,-1,0.820,0.410,True Negative,-0.950,0.950,0.950,130.700,129.060,151.430,136.340
1982-05-19,114.890,-0.261,-0.820,-1.559,-2.817,-3.834,-2.636,-1.000,0.421,-1,0.261,0.180,True Negative,-1,0.261,0.621,True Negative,-0.300,0.300,0.300,131.650,130.010,152.380,136.340
1982-05-20,114.590,0.262,-0.261,-1.079,-2.898,-3.202,-2.277,1.000,0.477,-1,-0.262,0.092,False Negative,-1,-0.262,0.533,False Negative,0.300,-0.300,-0.300,131.950,130.310,152.680,136.340
1982-05-21,114.890,-0.087,0.262,0.000,-1.559,-3.793,-1.076,-1.000,0.512,1,-0.087,0.295,False Positive,-1,0.087,0.330,True Negative,-0.100,0.100,-0.100,131.650,130.010,152.380,136.340
1982-05-24,114.790,-0.340,-0.087,0.175,-0.906,-3.675,-1.417,-1.000,0.452,-1,0.340,0.214,True Negative,-1,0.340,0.249,True Negative,-0.390,0.390,0.390,131.750,129.910,152.480,136.340
1982-05-25,114.400,-1.128,-0.340,-0.426,-0.426,-3.231,-2.072,-1.000,0.460,-1,1.128,0.276,True Negative,-1,1.128,0.311,True Negative,-1.290,1.290,1.290,132.140,130.300,152.870,136.340
1982-05-26,113.110,-0.398,-1.128,-1.464,-1.292,-4.152,-3.703,-1.000,0.388,-1,0.398,0.303,True Negative,-1,0.398,0.338,True Negative,-0.450,0.450,0.450,133.430,131.590,154.160,136.340
1982-05-27,112.660,-0.692,-0.398,-1.521,-1.941,-3.470,-4.258,-1.000,0.498,-1,0.692,0.494,True Negative,-1,0.692,0.529,True Negative,-0.780,0.780,0.780,133.880,132.040,154.610,136.340
1982-05-28,111.880,-0.179,-0.692,-1.087,-2.535,-3.419,-5.730,-1.000,0.407,-1,0.179,0.547,True Negative,-1,0.179,0.547,True Negative,-0.200,0.200,0.200,134.660,132.820,155.390,136.340
1982-06-01,111.680,0.322,-0.179,-0.870,-2.378,-2.794,-6.520,1.000,0.475,-1,-0.322,0.415,False Negative,-1,-0.322,0.415,False Negative,0.360,-0.360,-0.360,134.860,133.020,155.590,136.340
1982-06-02,112.040,-0.161,0.322,0.143,-0.946,-2.225,-5.356,-1.000,0.512,1,-0.161,0.157,False Positive,-1,0.161,0.222,True Negative,-0.180,0.180,-0.180,134.500,132.660,155.230,136.340
1982-06-03,111.860,-1.582,-0.161,0.161,-0.710,-2.637,-6.331,-1.000,0.434,-1,1.582,0.394,True Negative,-1,1.582,0.458,True Negative,-1.770,1.770,1.770,134.680,132.480,155.410,136.340
1982-06-04,110.090,0.027,-1.582,-1.740,-1.600,-4.094,-7.619,1.000,0.326,-1,-0.027,0.250,False Negative,-1,-0.027,0.315,False Negative,0.030,-0.030,-0.030,136.450,134.250,157.180,136.340
1982-06-07,110.120,-0.445,0.027,-1.556,-1.397,-3.741,-6.852,-1.000,0.573,1,-0.445,0.125,False Positive,-1,0.445,0.368,True Negative,-0.490,0.490,-0.490,136.420,134.220,157.150,136.340
1982-06-08,109.630,-0.584,-0.445,-0.418,-2.151,-3.077,-7.101,-1.000,0.404,-1,0.584,0.307,True Negative,-1,0.584,0.549,True Negative,-0.640,0.640,0.640,136.910,133.730,157.640,136.340
1982-06-09,108.990,0.569,-0.584,-1.026,-2.566,-3.258,-6.615,1.000,0.418,-1,-0.569,0.225,False Negative,-1,-0.569,0.403,False Negative,0.620,-0.620,-0.620,137.550,134.370,158.280,136.340
1982-06-10,109.610,1.487,0.569,-0.018,-0.436,-2.029,-5.378,1.000,0.572,1,1.487,0.206,True Positive,-1,-1.487,-0.211,False Negative,1.630,-1.630,1.630,136.930,133.750,157.660,136.340
1982-06-11,111.240,-1.151,1.487,2.064,1.017,-0.394,-3.177,-1.000,0.603,1,-1.151,-0.019,False Positive,1,-1.151,-0.436,False Positive,-1.280,-1.280,-1.280,135.300,135.380,156.030,136.340
1982-06-14,109.960,-0.246,-1.151,0.319,0.301,-1.856,-4.040,-1.000,0.295,-1,0.246,0.119,True Negative,-1,0.246,-0.475,True Negative,-0.270,0.270,0.270,134.020,134.100,154.750,136.340
1982-06-15,109.690,-0.748,-0.246,-1.393,0.642,-1.940,-4.526,-1.000,0.556,1,-0.748,-0.147,False Positive,-1,0.748,-0.443,True Negative,-0.820,0.820,-0.820,134.290,134.370,155.020,136.340
1982-06-16,108.870,-1.167,-0.748,-0.991,-0.675,-1.108,-5.157,-1.000,0.422,-1,1.167,0.200,True Negative,-1,1.167,-0.095,True Negative,-1.270,1.270,1.270,135.110,133.550,155.840,136.340
1982-06-17,107.600,-0.297,-1.167,-1.905,-3.272,-2.288,-5.944,-1.000,0.376,-1,0.297,-0.038,True Negative,-1,0.297,0.261,True Negative,-0.320,0.320,0.320,136.380,134.820,157.110,136.340
1982-06-18,107.280,-0.075,-0.297,-1.460,-2.437,-2.144,-5.154,-1.000,0.500,-1,0.075,0.207,True Negative,-1,0.075,0.507,True Negative,-0.080,0.080,0.080,136.700,135.140,157.430,136.340
1982-06-21,107.200,1.026,-0.075,-0.372,-2.270,-1.642,-4.846,1.000,0.462,-1,-1.026,-0.047,False Negative,-1,-1.026,0.252,False Negative,1.100,-1.100,-1.100,136.780,135.220,157.510,136.340
1982-06-22,108.300,1.699,1.026,0.951,-0.524,-1.195,-3.200,1.000,0.581,1,1.699,0.442,True Positive,1,1.699,0.442,True Positive,1.840,1.840,1.840,135.680,134.120,156.410,136.340
1982-06-23,110.140,-0.281,1.699,2.743,2.361,-0.989,-1.379,-1.000,0.615,1,-0.281,0.153,False Positive,1,-0.281,0.153,False Positive,-0.310,-0.310,-0.310,137.520,135.960,158.250,136.340
1982-06-24,109.830,-0.628,-0.281,1.413,2.377,-0.118,-1.973,-1.000,0.388,-1,0.628,0.219,True Negative,1,-0.628,-0.032,False Positive,-0.690,-0.690,0.690,137.210,135.650,157.940,136.340
1982-06-25,109.140,1.026,-0.628,-0.908,1.810,-0.501,-2.432,1.000,0.483,-1,-1.026,-0.001,False Negative,-1,-1.026,-0.252,False Negative,1.120,-1.120,-1.120,136.520,136.340,157.250,136.340
1982-06-28,110.260,-0.045,1.026,0.392,1.810,1.277,0.154,-1.000,0.661,1,-0.045,0.195,False Positive,1,-0.045,-0.056,False Positive,-0.050,-0.050,-0.050,135.400,135.220,156.130,136.340
1982-06-29,110.210,-0.544,-0.045,0.980,0.064,2.426,0.082,-1.000,0.421,-1,0.544,-0.036,True Negative,1,-0.544,-0.505,False Positive,-0.600,-0.600,0.600,135.350,135.170,156.080,136.340
1982-06-30,109.610,-0.821,-0.544,-0.590,-0.200,2.172,-0.018,-1.000,0.445,-1,0.821,0.184,True Negative,-1,0.821,-0.284,True Negative,-0.900,0.900,0.900,134.750,135.770,155.480,136.340
1982-07-01,108.710,-0.975,-0.821,-1.361,-0.394,1.409,-0.257,-1.000,0.451,-1,0.975,0.254,True Negative,-1,0.975,0.036,True Negative,-1.060,1.060,1.060,135.650,136.670,156.380,136.340
1982-07-02,107.650,-0.334,-0.975,-1.788,-2.367,-0.600,-1.788,-1.000,0.421,-1,0.334,0.526,True Negative,-1,0.334,0.308,True Negative,-0.360,0.360,0.360,136.710,137.730,157.440,136.340
1982-07-06,107.290,-0.065,-0.334,-1.306,-2.649,-2.588,-3.551,-1.000,0.483,-1,0.065,0.548,True Negative,-1,0.065,0.330,True Negative,-0.070,0.070,0.070,137.070,138.090,157.800,136.340
1982-07-07,107.220,0.289,-0.065,-0.399,-2.180,-2.376,-2.492,1.000,0.473,-1,-0.289,0.381,False Negative,-1,-0.289,0.381,False Negative,0.310,-0.310,-0.310,137.140,138.160,157.870,136.340
1982-07-08,107.530,1.209,0.289,0.224,-1.085,-1.475,-1.969,1.000,0.506,1,1.209,0.459,True Positive,-1,-1.209,-0.025,False Negative,1.300,-1.300,1.300,136.830,137.850,157.560,136.340
1982-07-09,108.830,0.680,1.209,1.502,1.096,-1.297,-0.037,1.000,0.605,1,0.680,0.400,True Positive,1,0.680,-0.084,True Positive,0.740,0.740,0.740,135.530,139.150,156.260,136.340
1982-07-12,109.570,-0.110,0.680,1.897,2.125,-0.581,1.831,-1.000,0.513,1,-0.110,0.311,False Positive,1,-0.110,-0.173,False Positive,-0.120,-0.120,-0.120,136.270,139.890,157.000,136.340
1982-07-13,109.450,0.905,-0.110,0.570,2.080,-0.146,2.023,1.000,0.477,-1,-0.905,0.117,False Negative,1,0.905,-0.005,True Positive,0.990,0.990,-0.990,136.150,139.770,156.880,136.340
1982-07-14,110.440,0.027,0.905,0.794,2.706,1.591,3.022,1.000,0.636,1,0.027,0.180,True Positive,1,0.027,0.059,True Positive,0.030,0.030,0.030,137.140,138.780,157.870,136.340
1982-07-15,110.470,0.543,0.027,0.932,1.507,2.620,2.004,1.000,0.464,-1,-0.543,-0.170,False Negative,1,0.543,0.409,True Positive,0.600,0.600,-0.600,137.170,138.810,157.900,136.340
1982-07-16,111.070,-0.306,0.543,0.570,1.369,3.523,0.844,-1.000,0.569,1,-0.306,-0.367,False Positive,1,-0.306,0.212,False Positive,-0.340,-0.340,-0.340,137.770,138.210,158.500,136.340
1982-07-19,110.730,0.732,-0.306,0.235,1.169,3.274,0.819,1.000,0.450,-1,-0.732,-0.492,False Negative,1,0.732,0.380,True Positive,0.810,0.810,-0.810,137.430,137.870,158.160,136.340
1982-07-20,111.540,-0.108,0.732,0.423,0.996,3.729,2.199,-1.000,0.606,1,-0.108,-0.332,False Positive,1,-0.108,0.178,False Positive,-0.120,-0.120,-0.120,138.240,137.060,158.970,136.340
1982-07-21,111.420,0.054,-0.108,0.623,0.860,2.380,1.052,1.000,0.451,-1,-0.054,-0.349,False Negative,1,0.054,0.183,True Positive,0.060,0.060,-0.060,138.120,136.940,158.850,136.340
1982-07-22,111.480,-0.278,0.054,-0.054,0.369,1.743,1.152,-1.000,0.517,1,-0.278,-0.296,False Positive,1,-0.278,0.019,False Positive,-0.310,-0.310,-0.310,138.180,136.880,158.910,136.340
1982-07-23,111.170,-0.729,-0.278,-0.224,0.397,1.571,1.423,-1.000,0.476,-1,0.729,-0.089,True Negative,-1,0.729,0.226,True Negative,-0.810,0.810,0.810,137.870,136.570,158.600,136.340
1982-07-26,110.360,-0.843,-0.729,-1.005,-1.058,-0.072,1.518,-1.000,0.434,-1,0.843,0.226,True Negative,-1,0.843,0.248,True Negative,-0.930,0.930,0.930,138.680,137.380,159.410,136.340
1982-07-27,109.430,-1.544,-0.843,-1.565,-1.786,-0.941,1.654,-1.000,0.443,-1,1.544,0.557,True Negative,-1,1.544,0.578,True Negative,-1.690,1.690,1.690,139.610,138.310,160.340,136.340
1982-07-28,107.740,-0.019,-1.544,-2.374,-3.355,-2.998,0.419,-1.000,0.361,-1,0.019,0.571,True Negative,-1,0.019,0.571,True Negative,-0.020,0.020,0.020,141.300,140.000,162.030,136.340
1982-07-29,107.720,-0.585,-0.019,-1.563,-3.103,-2.718,0.466,-1.000,0.554,1,-0.585,0.510,False Positive,-1,0.585,0.744,True Negative,-0.630,0.630,-0.630,141.320,140.020,162.050,136.340
1982-07-30,107.090,1.765,-0.585,-0.603,-2.963,-3.990,-0.409,1.000,0.395,-1,-1.765,0.011,False Negative,-1,-1.765,0.245,False Negative,1.890,-1.890,-1.890,141.950,139.390,162.680,136.340
1982-08-02,108.980,-1.055,1.765,1.170,-0.411,-2.190,0.138,-1.000,0.687,1,-1.055,-0.368,False Positive,1,-1.055,-0.134,False Positive,-1.150,-1.150,-1.150,140.060,137.500,160.790,136.340
1982-08-03,107.830,-1.567,-1.055,0.691,0.084,-3.274,-1.588,-1.000,0.288,-1,1.567,-0.364,True Negative,-1,1.567,-0.130,True Negative,-1.690,1.690,1.690,138.910,136.350,159.640,136.340
1982-08-04,106.140,-0.923,-1.567,-2.606,-1.467,-4.525,-3.024,-1.000,0.396,-1,0.923,-0.183,True Negative,-1,0.923,0.051,True Negative,-0.980,0.980,0.980,140.600,138.040,161.330,136.340
1982-08-05,105.160,-1.379,-0.923,-2.476,-1.802,-4.712,-4.781,-1.000,0.481,-1,1.379,0.210,True Negative,-1,1.379,0.210,True Negative,-1.450,1.450,1.450,141.580,139.020,162.310,136.340
1982-08-06,103.710,-0.607,-1.379,-2.289,-4.836,-5.227,-6.119,-1.000,0.345,-1,0.607,0.684,True Negative,-1,0.607,0.684,True Negative,-0.630,0.630,0.630,143.030,140.470,163.760,136.340
1982-08-09,103.080,-0.233,-0.607,-1.978,-4.405,-4.325,-7.194,-1.000,0.449,-1,0.233,0.942,True Negative,-1,0.233,0.942,True Negative,-0.240,0.240,0.240,143.660,141.100,164.390,136.340
1982-08-10,102.840,-0.233,-0.233,-0.839,-3.109,-4.530,-7.125,-1.000,0.451,-1,0.233,0.675,True Negative,-1,0.233,0.675,True Negative,-0.240,0.240,0.240,143.900,141.340,164.630,136.340
1982-08-11,102.600,-0.175,-0.233,-0.466,-2.434,-4.193,-8.015,-1.000,0.434,-1,0.175,0.525,True Negative,-1,0.175,0.525,True Negative,-0.180,0.180,0.180,144.140,141.580,164.870,136.340
1982-08-12,102.420,1.396,-0.175,-0.408,-1.244,-6.019,-8.078,1.000,0.460,-1,-1.396,-0.030,False Negative,-1,-1.396,-0.030,False Negative,1.430,-1.430,-1.430,144.320,141.760,165.050,136.340
1982-08-13,103.850,0.231,1.396,1.218,0.747,-3.691,-6.844,1.000,0.634,1,0.231,-0.105,True Positive,1,0.231,-0.105,True Positive,0.240,0.240,0.240,142.890,140.330,163.620,136.340
1982-08-16,104.090,4.756,0.231,1.631,1.215,-1.931,-6.369,1.000,0.426,-1,-4.756,-1.103,False Negative,1,4.756,0.800,True Positive,4.950,4.950,-4.950,143.130,140.570,163.860,136.340
1982-08-17,109.040,-0.459,4.756,4.998,6.277,3.690,-1.196,-1.000,0.890,1,-0.459,-1.241,False Positive,1,-0.459,0.661,False Positive,-0.500,-0.500,-0.500,148.080,135.620,168.810,136.340
1982-08-18,108.540,0.571,-0.459,4.275,5.975,4.657,-0.813,1.000,0.243,-1,-0.571,-1.390,False Negative,1,0.571,0.741,True Positive,0.620,0.620,-0.620,147.580,135.120,168.310,136.340
1982-08-19,109.160,3.536,0.571,0.110,5.113,5.898,1.318,1.000,0.663,1,3.536,-0.404,True Positive,1,3.536,1.727,True Positive,3.860,3.860,3.860,148.200,134.500,168.930,136.340
1982-08-20,113.020,2.734,3.536,4.128,8.579,9.899,4.920,1.000,0.851,1,2.734,0.097,True Positive,1,2.734,2.228,True Positive,3.090,3.090,3.090,152.060,138.360,172.790,136.340
1982-08-23,116.110,-0.655,2.734,6.367,6.484,13.168,8.423,-1.000,0.616,1,-0.655,0.917,False Positive,1,-0.655,1.145,False Positive,-0.760,-0.760,-0.760,155.150,141.450,175.880,136.340
1982-08-24,115.350,1.933,-0.655,2.062,6.274,12.624,5.845,1.000,0.362,-1,-1.933,0.622,False Negative,1,1.933,1.624,True Positive,2.230,2.230,-2.230,154.390,140.690,175.120,136.340
1982-08-25,117.580,0.825,1.933,1.266,7.713,13.221,9.042,1.000,0.814,1,0.825,0.901,True Positive,1,0.825,1.675,True Positive,0.970,0.970,0.970,156.620,138.460,177.350,136.340
1982-08-26,118.550,-1.215,0.825,2.774,4.893,13.892,11.692,-1.000,0.540,1,-1.215,-0.049,False Positive,1,-1.215,0.724,False Positive,-1.440,-1.440,-1.440,157.590,139.430,178.320,136.340
1982-08-27,117.110,0.470,-1.215,-0.400,0.861,7.401,11.364,1.000,0.367,-1,-0.470,-0.690,False Negative,-1,-0.470,0.084,False Negative,0.550,-0.550,-0.550,156.150,137.990,176.880,136.340
1982-08-30,117.660,1.572,0.470,-0.751,2.003,8.402,13.451,1.000,0.679,1,1.572,-0.244,True Positive,1,1.572,0.529,True Positive,1.850,1.850,1.850,155.600,137.440,176.330,136.340
1982-08-31,119.510,-1.054,1.572,2.049,1.641,9.481,15.939,-1.000,0.663,1,-1.054,-0.068,False Positive,1,-1.054,-0.068,False Positive,-1.260,-1.260,-1.260,157.450,139.290,178.180,136.340
1982-09-01,118.250,1.725,-1.054,0.501,-0.253,4.628,14.984,1.000,0.324,-1,-1.725,-0.578,False Negative,-1,-1.725,-0.578,False Negative,2.040,-2.040,-2.040,156.190,138.030,176.920,136.340
1982-09-02,120.290,1.987,1.725,0.653,2.715,3.600,17.242,1.000,0.779,1,1.987,0.062,True Positive,1,1.987,0.062,True Positive,2.390,2.390,2.390,154.150,135.990,174.880,136.340
1982-09-03,122.680,-1.068,1.987,3.746,4.267,6.355,19.781,-1.000,0.664,1,-1.068,-0.058,False Positive,1,-1.068,-0.058,False Positive,-1.310,-1.310,-1.310,156.540,138.380,177.270,136.340
1982-09-07,121.370,0.684,-1.068,0.898,1.556,3.223,16.870,1.000,0.327,-1,-0.684,-0.509,False Negative,-1,-0.684,-0.509,False Negative,0.830,-0.830,-0.830,155.230,137.070,175.960,136.340
1982-09-08,122.200,-0.188,0.684,-0.391,3.340,3.079,17.398,-1.000,0.714,1,-0.188,-0.336,False Positive,1,-0.188,-0.336,False Positive,-0.230,-0.230,-0.230,154.400,136.240,175.130,136.340
1982-09-09,121.970,-0.820,-0.188,0.494,1.397,4.150,11.858,-1.000,0.479,-1,0.820,0.173,True Negative,1,-0.820,-0.155,False Positive,-1.000,-1.000,1.000,154.170,136.010,174.900,136.340
1982-09-10,120.970,1.050,-0.820,-1.007,-1.394,2.813,11.452,1.000,0.435,-1,-1.050,-0.434,False Negative,-1,-1.050,-0.762,False Negative,1.270,-1.270,-1.270,153.170,137.010,173.900,136.340
1982-09-13,122.240,0.704,1.050,0.221,0.717,2.284,11.982,1.000,0.682,1,0.704,-0.080,True Positive,1,0.704,-0.408,True Positive,0.860,0.860,0.860,151.900,135.740,172.630,136.340
1982-09-14,123.100,0.967,0.704,1.761,0.736,4.101,8.919,1.000,0.518,1,0.967,0.251,True Positive,1,0.967,-0.077,True Positive,1.190,1.190,1.190,152.760,136.600,173.490,136.340
1982-09-15,124.290,-0.418,0.967,1.677,1.902,3.325,7.045,-1.000,0.582,1,-0.418,0.205,False Positive,1,-0.418,-0.123,False Positive,-0.520,-0.520,-0.520,153.950,137.790,174.680,136.340
1982-09-16,123.770,-0.986,-0.418,0.544,2.315,0.888,7.300,-1.000,0.444,-1,0.986,0.238,True Negative,1,-0.986,-0.157,False Positive,-1.220,-1.220,1.220,153.430,137.270,174.160,136.340
1982-09-17,122.550,-0.033,-0.986,-1.400,0.254,0.972,4.227,-1.000,0.447,-1,0.033,0.454,True Negative,-1,0.033,0.060,True Negative,-0.040,0.040,0.040,152.210,138.490,172.940,136.340
1982-09-20,122.510,1.935,-0.033,-1.018,-0.479,0.254,3.340,1.000,0.562,1,1.935,0.701,True Positive,-1,-1.935,-0.468,False Negative,2.370,-2.370,2.370,152.250,138.530,172.980,136.340
1982-09-21,124.880,-0.713,1.935,1.901,0.475,2.386,6.635,-1.000,0.691,1,-0.713,0.365,False Positive,1,-0.713,-0.804,False Positive,-0.890,-0.890,-0.890,149.880,140.900,170.610,136.340
1982-09-22,123.990,-0.145,-0.713,1.208,0.178,2.496,5.380,-1.000,0.317,-1,0.145,0.477,True Negative,1,-0.145,-0.749,False Positive,-0.180,-0.180,0.180,148.990,140.010,169.720,136.340
1982-09-23,123.810,-0.396,-0.145,-0.857,1.028,1.284,3.598,-1.000,0.558,1,-0.396,0.201,False Positive,1,-0.396,-0.631,False Positive,-0.490,-0.490,-0.490,148.810,140.190,169.540,136.340
1982-09-24,123.320,0.243,-0.396,-0.540,0.661,0.179,4.288,1.000,0.490,-1,-0.243,0.146,False Negative,-1,-0.243,-0.686,False Negative,0.300,-0.300,-0.300,148.320,139.700,169.050,136.340
1982-09-27,123.620,-0.307,0.243,-0.153,-1.009,-0.539,2.768,-1.000,0.536,1,-0.307,-0.303,False Positive,-1,0.307,-0.238,True Negative,-0.380,0.380,-0.380,148.020,139.400,168.750,136.340
1982-09-28,123.240,-1.306,-0.307,-0.065,-0.605,-0.428,0.456,-1.000,0.442,-1,1.306,0.101,True Negative,-1,1.306,0.166,True Negative,-1.610,1.610,1.610,148.400,139.020,169.130,136.340
1982-09-29,121.630,-0.995,-1.306,-1.610,-1.761,-0.751,0.214,-1.000,0.371,-1,0.995,0.271,True Negative,-1,0.995,0.394,True Negative,-1.210,1.210,1.210,150.010,140.630,170.740,136.340
1982-09-30,120.420,1.287,-0.995,-2.288,-2.352,-1.706,-1.457,1.000,0.453,-1,-1.287,0.093,False Negative,-1,-1.287,0.216,False Negative,1.550,-1.550,-1.550,151.220,141.840,171.950,136.340
1982-10-01,121.970,-0.377,1.287,0.280,-1.335,-2.330,0.000,-1.000,0.660,1,-0.377,0.066,False Positive,1,-0.377,0.189,False Positive,-0.460,-0.460,-0.460,149.670,140.290,170.400,136.340
1982-10-04,121.510,0.387,-0.377,0.905,-1.404,-2.000,0.446,1.000,0.353,-1,-0.387,0.050,False Negative,-1,-0.387,0.050,False Negative,0.470,-0.470,-0.470,149.210,139.830,169.940,136.340
1982-10-05,121.980,3.271,0.387,0.008,0.288,-1.478,-0.213,1.000,0.564,1,3.271,0.443,True Positive,1,3.271,0.443,True Positive,3.990,3.990,3.990,148.740,139.360,169.470,136.340
1982-10-06,125.970,2.247,3.271,3.670,4.609,2.149,2.331,1.000,0.805,1,2.247,0.693,True Positive,1,2.247,0.693,True Positive,2.830,2.830,2.830,152.730,143.350,173.460,136.340
1982-10-07,128.800,1.747,2.247,5.591,5.600,4.190,3.629,1.000,0.569,1,1.747,1.300,True Positive,1,1.747,1.300,True Positive,2.250,2.250,2.250,155.560,146.180,176.290,136.340
1982-10-08,131.050,2.610,1.747,4.033,7.851,6.337,5.882,1.000,0.636,1,2.610,1.898,True Positive,1,2.610,1.898,True Positive,3.420,3.420,3.420,157.810,148.430,178.540,136.340
1982-10-11,134.470,-0.022,2.610,4.402,10.239,10.557,9.727,-1.000,0.770,1,-0.022,1.971,False Positive,1,-0.022,1.971,False Positive,-0.030,-0.030,-0.030,161.230,151.850,181.960,136.340
1982-10-12,134.440,1.688,-0.022,2.587,6.724,11.643,9.738,1.000,0.441,-1,-1.688,0.979,False Negative,1,1.688,1.654,True Positive,2.270,2.270,-2.270,161.200,151.820,181.930,136.340
1982-10-13,136.710,-1.565,1.688,1.666,6.141,12.085,9.473,-1.000,0.751,1,-1.565,0.216,False Positive,1,-1.565,0.892,False Positive,-2.140,-2.140,-2.140,163.470,149.550,184.200,136.340
1982-10-14,134.570,-0.743,-1.565,0.097,2.686,10.748,8.533,-1.000,0.305,-1,0.743,0.016,True Negative,1,-0.743,0.394,False Positive,-1.000,-1.000,1.000,161.330,147.410,182.060,136.340
1982-10-15,133.570,2.366,-0.743,-2.297,-0.669,9.502,7.883,1.000,0.541,1,2.366,-0.033,True Positive,-1,-2.366,-0.602,False Negative,3.160,-3.160,3.160,160.330,148.410,181.060,136.340
1982-10-18,136.730,-0.110,2.366,1.605,1.703,8.542,10.874,-1.000,0.783,1,-0.110,-0.051,False Positive,1,-0.110,-0.619,False Positive,-0.150,-0.150,-0.150,157.170,151.570,177.900,136.340
1982-10-19,136.580,1.940,-0.110,2.253,-0.095,6.040,10.484,1.000,0.344,-1,-1.940,-0.101,False Negative,1,1.940,-0.569,True Positive,2.650,2.650,-2.650,157.020,151.420,177.750,136.340
1982-10-20,139.230,-0.122,1.940,1.828,3.463,6.242,12.975,-1.000,0.746,1,-0.122,0.187,False Positive,1,-0.122,-0.280,False Positive,-0.170,-0.170,-0.170,159.670,148.770,180.400,136.340
1982-10-21,139.060,-0.165,-0.122,1.816,4.110,3.413,14.330,-1.000,0.447,-1,0.165,0.072,True Negative,1,-0.165,-0.165,False Positive,-0.230,-0.230,0.230,159.500,148.600,180.230,136.340
1982-10-22,138.830,-3.969,-0.165,-0.287,1.536,3.265,15.288,-1.000,0.548,1,-3.969,-1.195,False Positive,1,-3.969,-0.485,False Positive,-5.510,-5.510,-5.510,159.270,148.830,180.000,136.340
1982-10-25,133.320,0.870,-3.969,-4.128,-2.387,-2.480,9.306,1.000,0.179,-1,-0.870,-1.347,False Negative,-1,-0.870,-0.637,False Negative,1.160,-1.160,-1.160,153.760,143.320,174.490,136.340
1982-10-26,134.480,0.602,0.870,-3.133,-3.412,-0.067,10.674,1.000,0.787,1,0.602,-0.839,True Positive,-1,-0.602,-1.146,False Negative,0.810,-0.810,0.810,152.600,142.160,173.330,136.340
1982-10-27,135.290,-1.257,0.602,1.478,-2.711,1.288,10.912,-1.000,0.469,-1,1.257,-0.563,True Negative,1,-1.257,-1.373,False Positive,-1.700,-1.700,1.700,151.790,142.970,172.520,136.340
1982-10-28,133.590,0.097,-1.257,-0.662,-3.774,-2.296,6.049,1.000,0.300,-1,-0.097,-0.615,False Negative,-1,-0.097,-1.359,False Negative,0.130,-0.130,-0.130,150.090,144.670,170.820,136.340
1982-10-29,133.720,1.309,0.097,-1.160,0.300,-2.094,3.820,1.000,0.607,1,1.309,0.440,True Positive,-1,-1.309,-0.827,False Negative,1.750,-1.750,1.750,149.960,144.540,170.690,136.340
1982-11-01,135.470,1.491,1.309,1.407,0.736,-2.701,3.373,1.000,0.629,1,1.491,0.912,True Positive,1,1.491,-0.355,True Positive,2.020,2.020,2.020,148.210,146.290,168.940,136.340
1982-11-02,137.490,3.913,1.491,2.819,1.626,-1.129,2.246,1.000,0.573,1,3.913,1.575,True Positive,1,3.913,0.548,True Positive,5.380,5.380,5.380,150.230,148.310,170.960,136.340
1982-11-03,142.870,-0.714,3.913,5.462,6.947,2.910,6.270,-1.000,0.821,1,-0.714,1.180,False Positive,1,-0.714,0.657,False Positive,-1.020,-1.020,-1.020,155.610,153.690,176.340,136.340
1982-11-04,141.850,0.219,-0.714,3.171,6.080,6.398,3.760,1.000,0.280,-1,-0.219,1.156,False Negative,1,0.219,0.720,True Positive,0.310,0.310,-0.310,154.590,152.670,175.320,136.340
1982-11-05,142.160,-1.210,0.219,-0.497,4.938,5.711,5.640,-1.000,0.656,1,-1.210,0.652,False Positive,1,-1.210,0.740,False Positive,-1.720,-1.720,-1.720,154.900,152.360,175.630,136.340
1982-11-08,140.440,1.837,-1.210,-0.994,2.146,3.807,5.143,1.000,0.416,-1,-1.837,-0.013,False Negative,-1,-1.837,0.074,False Negative,2.580,-2.580,-2.580,153.180,150.640,173.910,136.340
1982-11-09,143.020,-1.301,1.837,0.605,0.105,7.059,4.600,-1.000,0.743,1,-1.301,-1.056,False Positive,1,-1.301,-0.969,False Positive,-1.860,-1.860,-1.860,150.600,148.060,171.330,136.340
1982-11-10,141.160,0.418,-1.301,0.513,-0.486,5.564,3.353,1.000,0.265,-1,-0.418,-0.997,False Negative,-1,-0.418,-0.909,False Negative,0.590,-0.590,-0.590,148.740,146.200,169.470,136.340
1982-11-11,141.750,-1.566,0.418,-0.888,-0.288,4.636,1.810,-1.000,0.623,1,-1.566,-1.266,False Positive,1,-1.566,-1.266,False Positive,-2.220,-2.220,-2.220,148.150,145.610,168.880,136.340
1982-11-12,139.530,-1.792,-1.566,-1.155,-0.648,1.484,0.338,-1.000,0.320,-1,1.792,-0.666,True Negative,-1,1.792,-0.666,True Negative,-2.500,2.500,2.500,145.930,143.390,166.660,136.340
1982-11-15,137.030,-1.175,-1.792,-3.330,-4.188,-4.088,-1.297,-1.000,0.370,-1,1.175,-0.064,True Negative,-1,1.175,-0.064,True Negative,-1.610,1.610,1.610,148.430,145.890,169.160,136.340
1982-11-16,135.420,1.853,-1.175,-2.946,-4.066,-4.533,1.575,1.000,0.449,-1,-1.853,-0.174,False Negative,-1,-1.853,-0.174,False Negative,2.510,-2.510,-2.510,150.040,147.500,170.770,136.340
1982-11-17,137.930,0.297,1.853,0.657,-2.695,-2.976,2.565,1.000,0.703,1,0.297,-0.031,True Positive,1,0.297,-0.031,True Positive,0.410,0.410,0.410,147.530,144.990,168.260,136.340
1982-11-18,138.340,-0.954,0.297,2.156,-0.853,-1.495,2.254,-1.000,0.386,-1,0.954,0.473,True Negative,1,-0.954,0.091,False Positive,-1.320,-1.320,1.320,147.940,145.400,168.670,136.340
1982-11-19,137.020,-2.043,-0.954,-0.660,-0.007,-4.195,2.568,-1.000,0.395,-1,2.043,0.523,True Negative,-1,2.043,0.142,True Negative,-2.800,2.800,2.800,146.620,146.720,167.350,136.340
1982-11-22,134.220,-0.961,-2.043,-2.978,-0.886,-4.916,0.374,-1.000,0.363,-1,0.961,0.480,True Negative,-1,0.961,0.099,True Negative,-1.290,1.290,1.290,149.420,149.520,170.150,136.340
1982-11-23,132.930,0.715,-0.961,-2.985,-3.625,-6.222,-1.875,1.000,0.487,-1,-0.715,0.708,False Negative,-1,-0.715,0.326,False Negative,0.950,-0.950,-0.950,150.710,150.810,171.440,136.340
1982-11-24,133.880,0.747,0.715,-0.253,-3.224,-4.049,-2.626,1.000,0.572,1,0.747,0.798,True Positive,-1,-0.747,0.118,False Negative,1.000,-1.000,1.000,149.760,149.860,170.490,136.340
1982-11-26,134.880,-0.504,0.747,1.467,-1.562,-1.569,-5.592,-1.000,0.477,-1,0.504,0.708,True Negative,1,-0.504,0.208,False Positive,-0.680,-0.680,0.680,148.760,150.860,169.490,136.340
1982-11-29,134.200,3.227,-0.504,0.239,-0.015,-0.901,-5.393,1.000,0.387,-1,-3.227,-0.346,False Negative,-1,-3.227,-0.846,False Negative,4.330,-4.330,-4.330,148.080,151.540,168.810,136.340
1982-11-30,138.530,0.137,3.227,2.706,4.213,0.435,-2.553,1.000,0.831,1,0.137,-0.511,True Positive,1,0.137,-1.011,True Positive,0.190,0.190,0.190,143.750,147.210,164.480,136.340
1982-12-01,138.720,0.072,0.137,3.368,3.615,0.275,-1.225,1.000,0.344,-1,-0.072,-0.382,False Negative,1,0.072,-0.854,True Positive,0.100,0.100,-0.100,143.940,147.400,164.670,136.340
1982-12-02,138.820,-0.094,0.072,0.209,2.921,1.314,-2.937,-1.000,0.536,1,-0.094,-0.550,False Positive,1,-0.094,-0.723,False Positive,-0.130,-0.130,-0.130,144.040,147.300,164.770,136.340
1982-12-03,138.690,2.221,-0.094,-0.022,3.346,3.330,-1.750,1.000,0.534,1,2.221,-0.207,True Positive,1,2.221,-0.178,True Positive,3.080,3.080,3.080,143.910,147.170,164.640,136.340
1982-12-06,141.770,0.670,2.221,2.125,2.339,6.650,0.014,1.000,0.729,1,0.670,0.572,True Positive,1,0.670,0.601,True Positive,0.950,0.950,0.950,146.990,150.250,167.720,136.340
1982-12-07,142.720,-0.631,0.670,2.906,2.884,6.603,2.286,-1.000,0.453,-1,0.631,0.671,True Negative,1,-0.631,0.448,False Positive,-0.900,-0.900,0.900,147.940,151.200,168.670,136.340
1982-12-08,141.820,-1.283,-0.631,0.035,2.161,5.145,3.496,-1.000,0.434,-1,1.283,0.942,True Negative,1,-1.283,0.177,False Positive,-1.820,-1.820,1.820,147.040,152.100,167.770,136.340
1982-12-09,140.000,-0.307,-1.283,-1.906,0.945,4.322,3.382,-1.000,0.444,-1,0.307,1.022,True Negative,-1,0.307,0.257,True Negative,-0.430,0.430,0.430,145.220,153.920,165.950,136.340
1982-12-10,139.570,0.272,-0.307,-1.587,-1.552,0.751,1.189,1.000,0.535,1,0.272,0.633,True Positive,-1,-0.272,-0.242,False Negative,0.380,-0.380,0.380,145.650,154.350,166.380,136.340
1982-12-13,139.950,-1.822,0.272,-0.036,-1.941,0.887,1.164,-1.000,0.514,1,-1.822,0.134,False Positive,-1,1.822,-0.011,True Negative,-2.550,2.550,-2.550,145.270,154.730,166.000,136.340
1982-12-14,137.400,-1.572,-1.822,-1.555,-3.117,-1.023,0.277,-1.000,0.274,-1,1.572,0.322,True Negative,-1,1.572,0.429,True Negative,-2.160,2.160,2.160,147.820,152.180,168.550,136.340
1982-12-15,135.240,0.044,-1.572,-3.365,-3.400,-2.488,0.760,1.000,0.423,-1,-0.044,0.057,False Negative,-1,-0.044,0.677,False Negative,0.060,-0.060,-0.060,149.980,154.340,170.710,136.340
1982-12-16,135.300,1.619,0.044,-1.528,-3.059,-4.564,1.783,1.000,0.565,1,1.619,0.319,True Positive,-1,-1.619,0.292,False Negative,2.190,-2.190,2.190,149.920,154.280,170.650,136.340
1982-12-17,137.490,-0.902,1.619,1.664,-1.758,-3.665,2.696,-1.000,0.619,1,-0.902,0.085,False Positive,1,-0.902,0.166,False Positive,-1.240,-1.240,-1.240,147.730,156.470,168.460,136.340
1982-12-20,136.250,1.732,-0.902,0.702,-0.837,-3.928,1.016,1.000,0.300,-1,-1.732,0.103,False Negative,-1,-1.732,-0.545,False Negative,2.360,-2.360,-2.360,146.490,155.230,167.220,136.340
1982-12-21,138.610,0.159,1.732,0.815,2.492,-0.993,3.286,1.000,0.748,1,0.159,-0.180,True Positive,1,0.159,-0.828,True Positive,0.220,0.220,0.220,144.130,152.870,164.860,136.340
1982-12-22,138.830,0.641,0.159,1.894,2.609,-0.530,0.217,1.000,0.433,-1,-0.641,-0.299,False Negative,1,0.641,-0.691,True Positive,0.890,0.890,-0.890,144.350,153.090,165.080,136.340
1982-12-23,139.720,1.754,0.641,0.801,1.622,-0.164,0.721,1.000,0.573,1,1.754,-0.272,True Positive,1,1.754,-0.016,True Positive,2.450,2.450,2.450,145.240,152.200,165.970,136.340
1982-12-27,142.170,-0.985,1.754,2.406,4.345,3.472,2.413,-1.000,0.682,1,-0.985,-0.289,False Positive,1,-0.985,-0.033,False Positive,-1.400,-1.400,-1.400,147.690,154.650,168.420,136.340
1982-12-28,140.770,0.334,-0.985,0.752,1.558,4.089,1.500,1.000,0.319,-1,-0.334,-0.009,False Negative,1,0.334,0.381,True Positive,0.470,0.470,-0.470,146.290,153.250,167.020,136.340
1982-12-29,141.240,-0.644,0.334,-0.654,1.736,4.390,-0.374,-1.000,0.622,1,-0.644,-0.170,False Positive,1,-0.644,0.220,False Positive,-0.910,-0.910,-0.910,146.760,152.780,167.490,136.340
1982-12-30,140.330,0.221,-0.644,-0.313,0.437,2.066,-1.675,1.000,0.417,-1,-0.221,-0.086,False Negative,-1,-0.221,0.048,False Negative,0.310,-0.310,-0.310,145.850,151.870,166.580,136.340
1982-12-31,140.640,-1.635,0.221,-0.425,-1.076,3.222,-0.832,-1.000,0.542,1,-1.635,-0.764,False Positive,1,-1.635,-0.630,False Positive,0.000,-0.000,-0.000,145.540,151.560,166.270,136.340
